, Total Cost ex VAT ,Travel Class,day,month,Journey Finish Point_le,Journey Start Point_le,Air Carrier_le
0,81.52,0,10,2,109,39,32
1,217.14,0,29,3,122,58,28
2,7969.2,2,7,4,166,59,17
3,272.82,2,7,4,66,58,17
4,7969.2,2,7,4,166,59,17
5,387.6,0,8,4,127,59,12
6,206.03,0,9,4,121,95,32
7,278.8,0,10,4,121,59,17
8,278.8,0,10,4,121,59,17
9,214.68,0,12,4,60,59,1
10,190.43,0,12,4,66,96,28
11,335.8,0,13,4,121,59,17
12,298.17,0,13,4,66,60,17
13,287.22,2,13,4,66,59,17
14,258.51,0,13,4,121,95,32
15,145.0,0,13,4,121,86,11
16,117.9,0,13,4,121,58,17
17,117.9,0,13,4,121,58,17
18,336.6,0,14,4,187,58,17
19,196.4,0,14,4,121,58,17
20,196.4,0,14,4,121,58,17
21,177.51,0,14,4,197,60,59
22,111.4,0,14,4,121,58,17
23,1472.42,2,15,4,17,59,18
24,879.02,2,15,4,17,59,18
25,1472.42,2,15,4,17,59,18
26,438.2,2,16,4,6,58,17
27,181.06,0,16,4,109,4,28
28,181.06,0,16,4,109,4,28
29,164.82,0,16,4,109,32,17
30,62.4,0,16,4,102,8,48
31,53.99,0,16,4,71,15,54
32,53.99,0,16,4,71,15,54
33,53.99,0,16,4,71,15,54
34,53.99,0,16,4,71,15,54
35,559.31,0,19,4,191,65,59
36,503.41,0,19,4,152,16,8
37,295.73,0,19,4,152,59,8
38,409.55,0,20,4,106,32,32
39,409.55,0,20,4,106,32,32
40,334.87,0,20,4,18,95,32
41,217.17,0,20,4,111,32,17
42,199.68,0,20,4,60,59,1
43,190.17,0,20,4,66,60,17
44,152.7,0,20,4,110,52,24
45,116.69,0,20,4,49,59,18
46,116.69,0,20,4,49,59,18
47,65.18,0,20,4,18,59,18
48,224.4,0,21,4,121,58,17
49,224.4,0,21,4,121,58,17
50,84.16,0,21,4,109,24,28
51,84.16,0,21,4,109,24,28
52,71.44,0,21,4,66,16,28
53,63.98,0,21,4,110,10,1
54,338.81,0,22,4,6,60,8
55,338.81,0,22,4,6,60,8
56,270.23,0,22,4,66,60,17
57,132.88,0,22,4,77,58,17
58,1709.63,0,23,4,54,59,8
59,274.8,2,23,4,121,59,17
60,198.88,0,23,4,77,58,17
61,95.98,0,23,4,110,39,17
62,1709.63,0,23,4,54,59,8
63,346.04,2,27,4,1,59,17
64,251.11,0,28,4,26,32,32
65,110.36,0,28,4,18,61,28
66,110.36,0,28,4,18,61,28
67,97.19,0,28,4,113,9,28
68,97.19,0,28,4,113,9,28
69,97.19,0,28,4,113,9,28
70,97.19,0,28,4,113,9,28
71,305.5,0,29,4,177,95,27
72,244.7,0,29,4,177,95,27
73,419.1,0,4,5,74,59,17
74,2095.13,2,5,5,126,59,17
75,1191.13,1,5,5,129,59,17
76,251.89,0,5,5,140,59,17
77,245.81,0,5,5,60,60,8
78,239.96,0,5,5,140,58,32
79,235.89,0,5,5,140,59,17
80,2095.13,2,5,5,126,59,17
81,1191.13,1,5,5,129,59,17
82,327.18,2,6,5,18,59,18
83,327.18,2,6,5,18,59,18
84,167.76,0,6,5,119,61,28
85,167.75,0,6,5,119,61,28
86,83.9,0,6,5,111,29,8
87,83.9,0,6,5,111,29,8
88,68.9,0,6,5,121,58,17
89,64.37,0,6,5,110,29,1
90,56.19,0,6,5,60,59,18
91,46.19,0,6,5,60,59,18
92,46.19,0,6,5,60,59,18
93,2974.4,2,7,5,110,70,17
94,208.93,0,7,5,18,13,32
95,39.0,0,7,5,18,13,32
96,2974.4,2,7,5,110,70,17
97,256.96,0,10,5,1,58,32
98,199.04,0,10,5,1,59,17
99,191.29,0,10,5,74,59,59
100,1747.33,0,11,5,101,59,17
101,1747.33,0,11,5,101,59,17
102,346.04,2,11,5,1,59,17
103,305.69,1,11,5,1,59,18
104,234.82,2,11,5,109,32,17
105,200.3,0,11,5,1,59,17
106,186.3,0,11,5,121,59,17
107,171.9,0,11,5,121,58,17
108,96.0,0,11,5,93,60,14
109,86.49,0,11,5,109,1,32
110,72.72,0,11,5,6,61,28
111,72.72,0,11,5,6,61,28
112,72.72,0,11,5,6,61,28
113,72.72,0,11,5,6,61,28
114,67.59,0,11,5,84,61,28
115,67.59,0,11,5,84,61,28
116,67.59,0,11,5,84,61,28
117,67.59,0,11,5,84,61,28
118,60.0,0,11,5,1,59,17
119,55.88,0,11,5,6,61,28
120,35.88,0,11,5,84,61,28
121,1747.33,0,11,5,101,59,17
122,1747.33,0,11,5,101,59,17
123,380.9,0,12,5,1,65,18
124,221.04,0,12,5,1,59,17
125,182.6,0,12,5,107,59,17
126,181.0,0,12,5,93,60,14
127,61.5,0,12,5,19,61,28
128,61.5,0,12,5,19,61,28
129,61.5,0,12,5,19,61,28
130,61.5,0,12,5,19,61,28
131,61.5,0,12,5,19,61,28
132,61.5,0,12,5,19,61,28
133,25.0,0,12,5,1,59,17
134,439.4,2,13,5,152,4,41
135,321.04,0,13,5,1,59,17
136,310.7,0,13,5,187,58,17
137,288.9,2,13,5,121,58,17
138,214.9,0,13,5,121,58,17
139,214.9,0,13,5,121,58,17
140,205.9,0,13,5,121,32,18
141,197.09,0,13,5,74,59,59
142,181.0,0,13,5,93,60,14
143,181.0,0,13,5,93,60,14
144,131.98,0,13,5,23,96,54
145,123.48,0,13,5,140,58,32
146,199.0,0,14,5,31,1,27
147,175.81,0,14,5,60,60,8
148,3210.43,2,16,5,182,59,65
149,1275.12,2,16,5,2,59,18
150,1275.12,2,16,5,2,59,18
151,405.0,0,16,5,110,84,17
152,76.0,0,16,5,169,47,13
153,1275.12,2,16,5,2,59,18
154,1275.12,2,16,5,2,59,18
155,3210.43,2,16,5,182,59,65
156,279.9,0,17,5,35,59,17
157,366.41,0,18,5,74,60,59
158,244.1,0,18,5,74,59,17
159,289.28,2,19,5,77,59,17
160,252.23,0,19,5,77,60,17
161,248.28,0,19,5,77,59,17
162,162.88,0,19,5,77,58,17
163,132.88,0,19,5,77,58,17
164,132.43,0,19,5,107,58,26
165,84.93,0,19,5,74,58,28
166,81.94,0,19,5,77,16,28
167,64.48,0,19,5,109,78,32
168,551.7,0,20,5,117,59,57
169,355.7,0,20,5,117,59,17
170,289.28,2,20,5,77,59,17
171,269.74,2,20,5,110,1,17
172,248.98,0,20,5,110,39,17
173,450.4,0,21,5,191,59,17
174,412.4,0,21,5,191,59,17
175,346.5,0,21,5,152,59,17
176,297.5,0,21,5,152,59,17
177,274.82,2,21,5,66,58,17
178,194.3,0,21,5,121,59,17
179,170.69,0,21,5,121,59,18
180,60.0,0,21,5,152,59,17
181,196.96,0,22,5,1,58,32
182,426.54,0,24,5,96,59,17
183,424.26,0,24,5,77,95,32
184,424.26,0,24,5,77,95,32
185,196.0,0,24,5,1,31,27
186,176.6,0,24,5,96,1,32
187,176.38,0,24,5,70,59,44
188,176.38,0,24,5,70,59,44
189,2312.93,0,25,5,195,59,17
190,1847.53,2,25,5,178,59,17
191,408.4,0,25,5,152,59,17
192,339.01,0,25,5,6,16,41
193,226.46,0,25,5,121,95,32
194,214.17,0,25,5,109,29,1
195,74.48,0,25,5,121,32,32
196,60.47,0,25,5,19,58,28
197,60.47,0,25,5,19,58,28
198,58.94,0,25,5,19,58,28
199,1847.53,2,25,5,178,59,17
200,2312.93,0,25,5,195,59,17
201,3718.93,2,26,5,195,59,65
202,448.3,0,26,5,21,59,17
203,253.3,0,26,5,21,59,17
204,240.96,0,26,5,140,58,32
205,240.96,0,26,5,140,58,32
206,160.68,0,26,5,60,59,1
207,150.0,0,26,5,89,1,27
208,139.3,0,26,5,121,59,17
209,131.14,0,26,5,1,50,32
210,96.4,0,26,5,66,65,18
211,86.94,0,26,5,19,58,28
212,81.94,0,26,5,77,16,28
213,3718.93,2,26,5,195,59,65
214,355.3,0,27,5,21,59,17
215,325.3,0,27,5,21,59,17
216,208.82,0,27,5,109,32,17
217,142.48,0,27,5,169,9,15
218,91.18,0,27,5,18,59,18
219,80.49,0,27,5,109,9,32
220,68.5,0,27,5,109,9,32
221,68.48,0,27,5,26,9,32
222,58.98,0,27,5,169,9,15
223,36.49,0,27,5,109,9,32
224,224.23,0,28,5,77,60,17
225,2278.23,0,29,5,175,59,17
226,253.5,0,29,5,121,95,32
227,2278.23,0,29,5,175,59,17
228,2415.03,2,30,5,5,59,17
229,2415.03,2,30,5,5,59,17
230,2415.03,2,30,5,5,59,17
231,2415.03,2,30,5,5,59,17
232,247.28,2,2,6,77,59,17
233,100.93,0,2,6,77,58,28
234,427.23,2,3,6,77,60,17
235,233.28,0,3,6,77,59,17
236,153.87,0,3,6,18,58,32
237,147.88,0,3,6,77,58,17
238,59.97,0,3,6,18,65,32
239,433.3,2,4,6,110,65,17
240,248.98,2,4,6,110,39,17
241,198.88,0,4,6,77,58,17
242,138.94,0,4,6,1,58,32
243,101.94,0,4,6,31,39,28
244,93.48,0,4,6,26,9,32
245,100.0,0,5,6,12,59,17
246,620.6,0,7,6,115,59,17
247,498.8,0,7,6,74,59,17
248,399.49,0,8,6,6,77,41
249,330.59,0,8,6,110,65,18
250,284.89,0,8,6,140,59,17
251,284.5,0,8,6,86,59,17
252,266.2,0,8,6,121,95,32
253,233.5,0,8,6,110,77,17
254,233.5,0,8,6,110,77,17
255,156.96,0,8,6,140,58,32
256,130.33,0,8,6,140,16,28
257,102.7,0,8,6,141,32,32
258,68.56,0,8,6,140,58,32
259,427.23,2,9,6,77,60,17
260,379.9,0,9,6,115,59,17
261,322.6,0,9,6,107,59,17
262,322.6,0,9,6,107,59,17
263,297.2,0,9,6,1,44,27
264,274.88,2,9,6,77,58,17
265,269.74,0,9,6,106,1,32
266,195.93,0,9,6,77,16,28
267,149.8,0,9,6,6,59,17
268,123.93,0,9,6,74,61,28
269,423.68,0,10,6,49,59,44
270,150.9,0,10,6,121,58,17
271,150.9,0,10,6,121,58,17
272,719.2,0,11,6,84,59,17
273,182.49,0,11,6,66,33,32
274,147.6,0,12,6,109,4,17
275,129.28,0,12,6,77,59,17
276,128.91,0,12,6,66,59,18
277,973.73,0,13,6,134,59,17
278,973.73,0,13,6,134,59,17
279,2761.23,2,14,6,195,59,65
280,2761.23,2,14,6,195,59,65
281,2761.23,2,14,6,195,59,65
282,2761.23,2,14,6,195,59,65
283,3366.5,1,15,6,8,58,17
284,1081.43,0,15,6,195,59,17
285,599.7,0,15,6,191,59,17
286,587.09,0,15,6,191,59,18
287,506.3,2,15,6,70,59,17
288,506.3,2,15,6,70,59,17
289,304.0,0,15,6,191,59,17
290,299.17,0,15,6,66,60,17
291,289.28,2,15,6,77,59,17
292,274.0,0,15,6,191,59,17
293,248.22,0,15,6,66,59,17
294,198.82,0,15,6,66,58,17
295,158.9,0,15,6,110,65,18
296,144.93,0,15,6,66,16,28
297,127.92,0,15,6,109,32,17
298,125.72,0,15,6,77,58,28
299,125.72,0,15,6,77,58,28
300,125.72,0,15,6,77,58,28
301,124.37,1,15,6,130,58,17
302,76.48,0,15,6,18,54,32
303,75.06,0,15,6,157,96,54
304,75.06,0,15,6,157,96,54
305,75.06,0,15,6,157,96,54
306,72.06,0,15,6,160,96,54
307,72.06,0,15,6,160,96,54
308,70.94,0,15,6,77,58,28
309,64.0,0,15,6,191,65,44
310,43.99,0,15,6,169,87,54
311,43.99,0,15,6,169,87,54
312,3366.5,1,15,6,8,58,17
313,1081.43,0,15,6,195,59,17
314,481.2,0,16,6,191,65,44
315,460.2,0,16,6,110,35,44
316,460.2,0,16,6,110,35,44
317,248.92,2,16,6,110,32,17
318,187.98,2,16,6,109,39,17
319,81.94,0,16,6,113,39,28
320,66.94,0,16,6,66,58,28
321,59.94,0,16,6,66,58,28
322,43.99,0,16,6,169,87,54
323,572.95,0,17,6,114,60,45
324,517.2,0,17,6,114,59,17
325,501.11,0,17,6,114,60,8
326,316.18,1,17,6,18,59,18
327,288.9,2,17,6,121,58,17
328,264.54,0,17,6,140,58,32
329,238.59,1,17,6,121,59,18
330,230.41,0,17,6,74,60,59
331,166.3,0,17,6,121,59,17
332,156.91,0,17,6,191,58,28
333,154.3,0,17,6,77,59,17
334,65.3,0,17,6,121,59,17
335,65.3,0,17,6,121,59,17
336,65.3,0,17,6,121,59,17
337,65.3,0,17,6,121,59,17
338,65.3,0,17,6,121,59,17
339,65.3,0,17,6,121,59,17
340,65.3,0,17,6,121,59,17
341,58.49,0,17,6,140,58,32
342,54.3,0,17,6,121,59,17
343,54.3,0,17,6,121,59,17
344,37.4,0,17,6,110,65,18
345,37.4,0,17,6,110,65,18
346,37.4,0,17,6,110,65,18
347,37.4,0,17,6,110,65,18
348,37.4,0,17,6,110,65,18
349,37.4,0,17,6,110,65,18
350,37.4,0,17,6,110,65,18
351,37.4,0,17,6,110,65,18
352,37.4,0,17,6,110,65,18
353,31.5,0,17,6,110,77,17
354,17.18,0,17,6,110,59,17
355,636.95,0,18,6,114,60,45
356,636.95,0,18,6,114,60,45
357,636.95,0,18,6,114,60,45
358,288.9,2,18,6,121,58,17
359,195.6,0,18,6,197,59,17
360,184.9,0,18,6,121,58,17
361,176.3,0,18,6,121,59,17
362,72.1,0,18,6,117,58,28
363,72.1,0,18,6,117,58,28
364,72.1,0,18,6,117,58,28
365,72.1,0,18,6,117,58,28
366,72.1,0,18,6,117,58,28
367,72.1,0,18,6,117,58,28
368,56.94,0,18,6,113,10,28
369,1914.03,2,19,6,59,59,65
370,274.82,2,19,6,66,58,17
371,1914.03,2,19,6,59,59,65
372,2885.93,2,20,6,56,59,17
373,2885.93,2,20,6,56,59,17
374,2111.93,1,21,6,195,59,17
375,2111.93,1,21,6,195,59,17
376,459.0,0,21,6,74,59,17
377,362.11,0,21,6,74,60,59
378,335.67,0,21,6,74,58,28
379,167.05,0,21,6,23,96,54
380,102.06,0,21,6,23,96,54
381,2111.93,1,21,6,195,59,17
382,2111.93,1,21,6,195,59,17
383,3286.53,2,22,6,166,59,17
384,341.3,0,22,6,121,59,17
385,340.22,0,22,6,66,59,17
386,331.8,0,22,6,52,59,55
387,323.5,0,22,6,152,59,17
388,282.59,0,22,6,74,59,59
389,3286.53,2,22,6,166,59,17
390,761.0,0,23,6,12,59,17
391,315.1,0,23,6,147,59,55
392,310.91,0,23,6,6,60,41
393,274.88,2,23,6,77,58,17
394,248.22,0,23,6,66,59,17
395,211.0,0,23,6,109,65,17
396,198.88,0,23,6,66,58,17
397,198.88,0,23,6,66,58,17
398,179.25,0,23,6,197,60,17
399,83.43,0,23,6,18,58,32
400,83.43,0,23,6,18,58,32
401,1311.23,0,24,6,12,59,17
402,186.9,2,24,6,66,58,17
403,163.93,0,24,6,140,16,28
404,137.48,0,24,6,140,58,32
405,93.94,0,24,6,77,96,28
406,1311.23,0,24,6,12,59,17
407,485.04,2,25,6,1,59,17
408,354.87,2,25,6,1,59,17
409,346.04,2,25,6,1,59,17
410,312.8,0,25,6,172,58,32
411,312.8,0,25,6,172,58,32
412,304.18,1,25,6,18,59,18
413,304.18,1,25,6,18,59,18
414,273.9,0,25,6,154,58,17
415,196.89,0,25,6,140,59,17
416,190.98,0,25,6,91,58,32
417,103.92,0,25,6,111,32,17
418,214.21,0,26,6,169,32,28
419,158.5,0,26,6,110,77,17
420,103.2,0,26,6,110,105,17
421,4649.33,2,27,6,166,59,17
422,3350.77,2,27,6,166,12,17
423,4649.33,2,27,6,166,59,17
424,3350.77,2,27,6,166,12,17
425,1446.93,0,28,6,148,59,5
426,352.18,2,28,6,18,59,18
427,344.11,0,28,6,74,60,59
428,325.8,0,28,6,107,59,17
429,40.52,0,28,6,110,59,5
430,1446.93,0,28,6,148,59,5
431,415.2,0,29,6,33,59,17
432,309.98,0,29,6,121,95,32
433,246.13,0,29,6,121,59,17
434,240.96,0,29,6,140,58,32
435,240.96,0,29,6,140,58,32
436,193.96,0,29,6,140,58,32
437,179.7,0,29,6,119,59,17
438,178.85,0,29,6,197,60,17
439,79.84,0,29,6,60,58,1
440,39.94,0,29,6,19,57,28
441,39.94,0,29,6,19,57,28
442,39.94,0,29,6,19,57,28
443,39.94,0,29,6,19,57,28
444,533.7,0,30,6,107,59,17
445,222.18,1,30,6,18,59,18
446,222.18,1,30,6,18,59,18
447,222.18,1,30,6,18,59,18
448,152.0,0,30,6,82,58,13
449,152.0,0,30,6,82,58,13
450,146.23,0,30,6,77,60,17
451,146.23,0,30,6,77,60,17
452,365.23,0,1,7,77,60,17
453,274.88,2,1,7,77,58,17
454,95.97,0,1,7,19,59,1
455,83.98,0,1,7,109,78,32
456,70.99,0,1,7,109,78,32
457,59.0,0,1,7,111,37,59
458,367.65,0,2,7,70,60,18
459,367.65,0,2,7,70,60,18
460,328.01,0,2,7,67,60,41
461,227.81,0,2,7,67,60,8
462,91.9,0,2,7,77,58,17
463,150.94,0,3,7,109,39,28
464,1027.73,2,4,7,37,59,17
465,1027.73,2,4,7,37,59,17
466,1027.73,2,4,7,37,59,17
467,1027.73,2,4,7,37,59,17
468,2786.93,2,6,7,101,59,65
469,339.8,0,6,7,76,59,17
470,339.8,0,6,7,76,59,17
471,288.9,2,6,7,121,58,17
472,255.2,0,6,7,33,59,17
473,246.11,0,6,7,114,60,8
474,206.11,0,6,7,114,60,8
475,164.21,0,6,7,18,27,32
476,135.7,0,6,7,26,32,32
477,89.9,0,6,7,121,58,17
478,21.98,0,6,7,18,27,32
479,2786.93,2,6,7,101,59,65
480,473.1,0,7,7,92,13,59
481,471.19,0,7,7,49,59,18
482,395.4,1,7,7,191,65,59
483,293.6,1,7,7,171,59,55
484,150.9,0,7,7,121,58,17
485,211.0,2,8,7,109,65,17
486,152.3,0,8,7,1,80,18
487,152.3,0,8,7,1,80,18
488,87.93,0,8,7,19,58,28
489,280.91,0,9,7,60,60,8
490,183.28,0,9,7,77,59,17
491,183.28,0,9,7,77,59,17
492,123.98,0,9,7,60,58,1
493,117.98,0,9,7,109,1,32
494,117.98,0,9,7,109,1,32
495,90.94,0,9,7,66,58,28
496,449.52,0,10,7,5,59,18
497,449.52,0,10,7,5,59,18
498,74.47,0,10,7,31,29,1
499,783.93,1,12,7,129,59,5
500,124.93,0,13,7,66,96,28
501,83.47,0,13,7,90,58,28
502,83.47,0,13,7,90,58,28
503,313.17,0,14,7,66,60,17
504,199.56,0,14,7,172,32,32
505,199.56,0,14,7,172,32,32
506,199.56,0,14,7,172,32,32
507,172.93,0,14,7,66,96,28
508,2011.23,2,15,7,129,59,5
509,419.75,0,15,7,106,45,32
510,419.75,0,15,7,106,45,32
511,419.75,0,15,7,106,45,32
512,2011.23,2,15,7,129,59,5
513,171.9,0,16,7,121,58,17
514,171.9,0,16,7,121,58,17
515,100.0,2,16,7,129,59,5
516,155.82,0,17,7,109,45,32
517,155.82,0,17,7,109,45,32
518,114.98,0,18,7,93,58,32
519,379.23,2,20,7,77,60,17
520,337.18,0,20,7,18,59,18
521,337.18,0,20,7,18,59,18
522,244.93,0,20,7,95,58,36
523,360.0,0,21,7,84,59,17
524,289.22,2,22,7,66,59,17
525,110.94,0,22,7,66,61,28
526,464.82,2,23,7,66,58,17
527,365.92,0,23,7,66,95,32
528,365.92,0,23,7,66,95,32
529,365.92,0,23,7,66,95,32
530,311.99,0,23,7,18,13,32
531,290.91,0,23,7,18,58,32
532,274.1,0,23,7,159,58,17
533,274.1,0,23,7,159,58,17
534,229.96,0,23,7,65,32,15
535,95.49,0,23,7,93,27,32
536,95.49,0,23,7,93,27,32
537,95.49,0,23,7,93,27,32
538,222.0,2,24,7,110,32,18
539,175.96,0,24,7,1,58,32
540,94.48,0,24,7,26,32,32
541,60.0,0,24,7,77,58,17
542,60.0,0,24,7,77,60,17
543,274.88,2,27,7,77,58,17
544,212.9,0,27,7,121,58,17
545,211.0,2,27,7,110,65,17
546,190.9,0,27,7,121,32,18
547,179.85,0,27,7,6,80,41
548,178.93,0,27,7,90,61,28
549,174.23,0,27,7,90,61,28
550,174.23,0,27,7,90,61,28
551,157.3,0,27,7,121,59,17
552,150.9,0,27,7,121,58,17
553,136.93,0,27,7,19,96,28
554,130.93,0,27,7,19,96,28
555,123.0,0,27,7,141,16,11
556,28.0,0,27,7,77,60,17
557,440.6,0,28,7,97,58,46
558,364.89,2,28,7,140,59,17
559,289.28,0,28,7,77,59,17
560,167.22,0,28,7,66,59,17
561,165.22,0,28,7,66,59,17
562,163.88,0,28,7,77,58,17
563,161.22,0,28,7,66,59,17
564,102.0,0,28,7,53,78,11
565,102.0,0,28,7,53,78,11
566,102.0,0,28,7,53,78,11
567,75.7,0,28,7,109,78,32
568,289.28,2,29,7,77,59,17
569,278.91,0,29,7,18,13,32
570,178.89,0,29,7,18,58,32
571,78.02,0,29,7,18,58,32
572,274.88,2,30,7,77,58,17
573,134.93,0,30,7,66,96,28
574,272.2,0,31,7,26,32,32
575,60.0,0,2,8,121,58,17
576,307.28,0,3,8,77,59,17
577,285.28,0,3,8,77,59,17
578,254.49,0,3,8,62,60,8
579,234.49,0,3,8,62,60,8
580,174.93,0,3,8,77,16,28
581,158.93,0,3,8,18,13,32
582,150.5,0,3,8,18,59,18
583,149.0,0,3,8,26,32,32
584,117.66,0,3,8,18,31,32
585,117.0,0,3,8,121,58,17
586,96.11,0,3,8,26,32,32
587,399.23,0,4,8,77,60,17
588,377.8,0,4,8,77,65,32
589,375.3,0,4,8,152,59,17
590,248.98,0,4,8,110,39,17
591,248.98,0,4,8,110,39,17
592,248.98,0,4,8,110,39,17
593,155.96,0,4,8,141,58,32
594,155.96,0,4,8,141,58,32
595,152.88,0,4,8,77,58,17
596,130.93,0,4,8,77,16,28
597,129.98,0,4,8,110,39,17
598,118.93,0,4,8,77,96,28
599,10.0,0,4,8,77,58,17
600,611.7,2,5,8,69,58,17
601,308.28,2,5,8,77,59,17
602,208.88,0,5,8,77,58,17
603,147.88,0,5,8,77,58,17
604,126.9,0,5,8,77,58,17
605,107.88,0,5,8,77,58,17
606,376.8,0,6,8,77,65,32
607,265.98,0,6,8,1,58,32
608,173.23,0,6,8,111,39,17
609,91.94,0,6,8,109,39,28
610,278.81,0,7,8,19,59,1
611,464.82,2,10,8,66,58,17
612,288.17,0,10,8,66,60,17
613,268.82,2,10,8,66,58,17
614,187.8,0,10,8,170,59,55
615,187.8,0,10,8,170,59,55
616,168.43,0,10,8,90,16,28
617,145.9,0,10,8,121,58,17
618,131.93,0,10,8,19,58,28
619,127.93,0,10,8,19,96,28
620,107.93,0,10,8,19,96,28
621,46.12,0,11,8,19,96,28
622,344.82,2,12,8,66,58,17
623,280.4,0,12,8,6,58,17
624,280.4,0,12,8,6,58,17
625,240.9,0,12,8,66,65,18
626,213.4,0,12,8,109,34,17
627,184.0,0,12,8,66,59,18
628,152.93,0,12,8,66,96,28
629,464.82,2,13,8,66,58,17
630,164.48,0,13,8,121,80,32
631,157.93,0,13,8,66,96,28
632,149.98,0,13,8,82,58,32
633,149.98,0,13,8,82,58,32
634,119.69,0,13,8,121,59,18
635,116.99,0,13,8,69,58,50
636,100.0,0,13,8,163,59,17
637,96.0,0,13,8,110,65,17
638,92.57,0,13,8,60,59,1
639,359.04,0,14,8,1,59,17
640,359.04,0,14,8,1,59,17
641,359.04,0,14,8,1,59,17
642,241.24,0,14,8,66,13,32
643,2086.33,0,15,8,112,59,65
644,152.0,0,15,8,82,58,13
645,2086.33,0,15,8,112,59,65
646,5429.53,2,17,8,112,59,17
647,5429.53,2,17,8,112,59,17
648,388.23,0,17,8,77,60,17
649,5429.53,2,17,8,112,59,17
650,5429.53,2,17,8,112,59,17
651,2941.53,2,18,8,183,59,5
652,2941.53,2,18,8,183,59,5
653,182.9,0,18,8,121,58,17
654,2941.53,2,18,8,183,59,5
655,2941.53,2,18,8,183,59,5
656,213.96,0,19,8,140,58,32
657,169.49,0,19,8,140,58,32
658,549.1,0,20,8,194,59,17
659,391.1,0,20,8,194,59,17
660,207.9,2,20,8,121,58,17
661,109.5,0,20,8,110,77,17
662,676.3,0,21,8,13,59,17
663,395.82,2,21,8,66,58,17
664,140.98,0,21,8,1,58,32
665,314.8,0,24,8,131,59,17
666,258.96,0,24,8,140,58,32
667,116.94,0,24,8,90,58,28
668,277.9,2,25,8,121,58,17
669,210.3,0,25,8,121,59,17
670,201.9,0,25,8,121,58,17
671,130.96,0,25,8,65,32,15
672,66.93,0,25,8,140,16,28
673,274.06,0,26,8,109,32,32
674,188.0,0,26,8,65,32,15
675,186.9,0,26,8,121,58,17
676,185.17,0,26,8,66,60,17
677,129.0,0,26,8,110,32,18
678,118.48,0,26,8,121,45,32
679,117.93,0,26,8,66,58,28
680,107.92,2,26,8,109,32,17
681,97.25,0,26,8,66,60,17
682,84.0,0,26,8,110,65,17
683,79.64,0,26,8,66,58,28
684,58.42,0,26,8,111,32,8
685,383.17,0,27,8,90,58,32
686,222.3,0,27,8,121,59,17
687,60.0,0,27,8,110,65,17
688,59.94,0,27,8,109,1,28
689,13.0,0,28,8,110,65,17
690,1736.02,0,30,8,37,59,18
691,1736.02,0,30,8,37,59,18
692,479.28,0,1,9,77,59,17
693,295.28,0,1,9,77,59,17
694,211.23,0,1,9,77,60,17
695,190.17,0,1,9,111,32,17
696,165.0,0,1,9,66,13,32
697,85.83,0,1,9,117,61,28
698,85.83,0,1,9,117,61,28
699,85.83,0,1,9,117,61,28
700,85.82,0,1,9,117,61,28
701,60.0,0,1,9,111,32,17
702,11.0,0,1,9,111,32,17
703,292.7,0,2,9,186,58,51
704,173.22,0,2,9,18,58,32
705,142.72,0,2,9,18,31,32
706,81.53,0,2,9,77,31,15
707,189.4,0,3,9,46,59,12
708,188.88,0,3,9,109,39,17
709,169.3,0,4,9,121,59,17
710,157.11,0,4,9,26,39,32
711,3322.73,2,7,9,39,59,5
712,3322.73,2,7,9,39,59,5
713,257.06,0,7,9,121,95,32
714,161.9,0,7,9,110,65,18
715,31.99,0,7,9,73,96,54
716,3322.73,2,7,9,39,59,5
717,3322.73,2,7,9,39,59,5
718,304.3,0,8,9,121,59,17
719,161.4,0,8,9,171,59,55
720,153.1,0,8,9,113,36,66
721,123.2,0,8,9,52,58,51
722,56.94,0,8,9,66,58,28
723,215.3,0,9,9,119,59,17
724,215.3,0,9,9,119,59,17
725,215.3,0,9,9,119,59,17
726,155.6,0,9,9,93,58,17
727,151.43,0,9,9,66,96,28
728,50.94,0,9,9,66,58,28
729,177.05,0,10,9,26,32,32
730,129.8,0,10,9,6,58,17
731,101.6,0,10,9,110,64,18
732,101.6,0,10,9,110,64,18
733,101.6,0,10,9,110,64,18
734,60.0,0,10,9,140,59,17
735,2199.19,2,11,9,16,59,31
736,1831.19,2,11,9,16,59,31
737,127.92,0,11,9,109,32,17
738,2199.19,2,11,9,16,59,31
739,1831.19,2,11,9,16,59,31
740,806.43,0,12,9,163,59,17
741,776.43,0,12,9,163,59,17
742,2180.7,2,13,9,85,59,35
743,2180.7,2,13,9,85,59,35
744,1072.79,2,13,9,37,59,44
745,1072.79,2,13,9,37,59,44
746,279.71,0,13,9,74,60,59
747,77.0,2,13,9,37,59,44
748,77.0,2,13,9,37,59,44
749,1072.79,2,13,9,37,59,44
750,1072.79,2,13,9,37,59,44
751,2180.7,2,13,9,85,59,35
752,2180.7,2,13,9,85,59,35
753,3304.03,2,14,9,129,59,5
754,287.83,0,14,9,140,95,32
755,250.0,0,14,9,144,58,4
756,235.6,0,14,9,197,59,17
757,168.99,0,14,9,74,59,59
758,144.89,0,14,9,140,59,17
759,134.99,0,14,9,74,59,59
760,126.71,0,14,9,98,96,54
761,117.0,0,14,9,26,32,32
762,50.99,0,14,9,32,96,54
763,50.99,0,14,9,32,96,54
764,50.99,0,14,9,32,96,54
765,50.99,0,14,9,32,96,54
766,50.99,0,14,9,32,96,54
767,50.99,0,14,9,32,96,54
768,3304.03,2,14,9,129,59,5
769,361.3,0,15,9,121,59,17
770,361.3,0,15,9,121,59,17
771,156.9,0,15,9,121,58,17
772,147.43,0,15,9,77,16,28
773,135.3,0,15,9,121,59,17
774,75.48,0,15,9,18,96,15
775,58.48,0,15,9,65,9,15
776,317.5,0,16,9,77,65,32
777,159.43,0,16,9,74,61,28
778,144.9,0,16,9,119,59,17
779,6.0,0,16,9,77,65,32
780,564.58,0,17,9,20,95,32
781,485.28,2,17,9,77,59,17
782,278.27,0,17,9,74,58,28
783,275.68,0,17,9,121,95,32
784,203.3,0,17,9,121,59,17
785,186.9,0,17,9,121,58,17
786,150.93,0,17,9,77,58,28
787,89.73,0,17,9,109,37,28
788,84.94,0,17,9,74,61,28
789,73.65,0,17,9,57,87,54
790,73.65,0,17,9,57,87,54
791,73.65,0,17,9,57,87,54
792,71.94,0,17,9,113,39,28
793,60.0,0,17,9,33,59,17
794,1292.83,1,18,9,183,59,5
795,1292.83,1,18,9,183,59,5
796,4586.13,2,19,9,16,59,17
797,4586.13,2,19,9,16,59,17
798,4586.13,2,19,9,16,59,17
799,4586.13,2,19,9,16,59,17
800,4586.13,2,19,9,16,59,17
801,4586.13,2,19,9,16,59,17
802,295.0,0,20,9,74,59,17
803,250.61,0,20,9,60,60,8
804,189.81,0,20,9,74,60,59
805,66.94,0,20,9,66,58,28
806,1948.43,1,21,9,129,59,17
807,363.17,2,21,9,111,32,17
808,274.7,0,21,9,194,59,17
809,218.51,0,21,9,90,58,32
810,215.68,0,21,9,121,95,32
811,212.9,3,21,9,165,101,20
812,212.9,3,21,9,165,101,20
813,212.9,3,21,9,165,101,20
814,150.0,0,21,9,89,1,27
815,150.0,0,21,9,89,1,27
816,146.3,0,21,9,121,59,17
817,144.7,0,21,9,119,59,17
818,132.88,0,21,9,77,58,17
819,127.82,0,21,9,66,58,17
820,1948.43,1,21,9,129,59,17
821,548.8,0,22,9,182,93,20
822,548.8,0,22,9,182,93,20
823,548.8,0,22,9,182,93,20
824,518.02,0,22,9,172,58,17
825,354.42,0,22,9,96,59,17
826,67.93,0,22,9,19,58,28
827,515.0,0,23,9,70,13,44
828,431.18,0,23,9,18,59,18
829,363.49,0,23,9,49,59,44
830,258.61,0,23,9,18,13,32
831,220.9,2,23,9,110,65,18
832,157.68,0,23,9,141,58,32
833,82.7,0,23,9,109,78,32
834,82.7,0,23,9,109,78,32
835,82.7,0,23,9,109,78,32
836,82.7,0,23,9,109,78,32
837,82.7,0,23,9,109,78,32
838,69.84,0,23,9,109,78,32
839,67.48,0,23,9,109,78,32
840,55.99,0,23,9,73,61,66
841,4.0,0,23,9,140,59,17
842,1737.7,2,24,9,87,49,19
843,1737.7,2,24,9,87,49,19
844,1737.7,2,24,9,87,49,19
845,448.82,2,24,9,66,58,17
846,364.82,2,24,9,66,58,17
847,1737.7,2,24,9,87,49,19
848,1737.7,2,24,9,87,49,19
849,1737.7,2,24,9,87,49,19
850,383.04,0,25,9,1,59,17
851,383.04,0,25,9,1,59,17
852,197.83,0,25,9,66,13,32
853,82.3,0,25,9,169,36,54
854,2131.33,1,28,9,195,59,17
855,594.3,0,28,9,86,65,31
856,244.53,0,28,9,90,58,32
857,244.0,0,28,9,110,65,17
858,226.3,0,28,9,107,59,61
859,146.93,0,28,9,45,59,53
860,133.0,0,28,9,181,39,32
861,133.0,0,28,9,181,39,32
862,104.51,0,28,9,49,58,28
863,104.51,0,28,9,49,58,28
864,97.0,0,28,9,19,59,1
865,90.97,0,28,9,19,59,1
866,59.94,0,28,9,77,58,28
867,2131.33,1,28,9,195,59,17
868,1009.02,0,29,9,37,59,18
869,1009.02,0,29,9,37,59,18
870,314.9,0,29,9,121,58,17
871,249.17,0,29,9,66,60,17
872,234.68,0,29,9,140,58,32
873,234.68,0,29,9,140,58,32
874,220.9,2,29,9,110,65,18
875,180.98,0,29,9,91,58,32
876,105.93,0,29,9,13,57,28
877,61.5,0,29,9,13,16,28
878,12.0,0,29,9,91,58,32
879,1009.02,0,29,9,37,59,18
880,1009.02,0,29,9,37,59,18
881,1475.63,0,30,9,129,59,5
882,554.1,2,30,9,110,22,53
883,177.9,0,30,9,154,58,17
884,53.94,0,30,9,169,39,28
885,1475.63,0,30,9,129,59,5
886,261.9,0,1,10,64,13,17
887,261.9,0,1,10,64,13,17
888,189.8,0,1,10,91,14,47
889,189.8,0,1,10,91,14,47
890,94.9,0,1,10,91,14,47
891,75.93,0,1,10,6,58,28
892,60.0,0,1,10,154,58,17
893,60.0,0,1,10,154,58,17
894,15.0,0,1,10,154,58,17
895,2627.7,2,2,10,151,59,35
896,2627.7,2,2,10,151,59,35
897,3144.63,1,4,10,129,59,17
898,451.71,0,4,10,18,95,32
899,372.3,0,4,10,179,59,35
900,117.25,0,4,10,6,60,17
901,3144.63,1,4,10,129,59,17
902,725.93,2,5,10,45,59,53
903,466.93,2,5,10,45,59,53
904,376.3,0,5,10,121,59,17
905,362.88,2,5,10,77,58,17
906,303.9,0,5,10,121,58,17
907,245.51,0,5,10,6,60,41
908,241.18,0,5,10,18,59,18
909,205.99,0,5,10,105,95,32
910,203.5,0,5,10,18,59,18
911,150.0,2,5,10,109,65,17
912,147.23,0,5,10,77,60,17
913,145.0,0,5,10,110,9,18
914,140.35,0,5,10,26,32,32
915,130.33,0,5,10,1,58,32
916,129.9,0,5,10,121,58,17
917,120.3,0,5,10,121,59,17
918,353.5,0,6,10,64,59,17
919,158.09,0,6,10,49,59,44
920,158.09,0,6,10,49,59,44
921,140.99,0,6,10,18,58,32
922,126.7,0,6,10,171,58,51
923,126.7,0,6,10,171,58,51
924,100.0,0,6,10,195,59,17
925,56.48,0,6,10,66,65,32
926,256.19,0,7,10,84,59,18
927,61.48,0,7,10,26,32,32
928,35.47,0,7,10,49,58,26
929,35.47,0,7,10,49,58,26
930,250.18,0,8,10,18,59,18
931,250.18,0,8,10,18,59,18
932,194.5,0,8,10,110,62,17
933,140.8,0,8,10,70,59,17
934,94.33,0,8,10,156,65,15
935,41.9,0,8,10,169,24,33
936,41.9,0,8,10,169,24,33
937,5237.73,2,10,10,104,59,17
938,5237.73,2,10,10,104,59,17
939,553.7,2,11,10,110,66,18
940,553.7,2,11,10,110,66,18
941,1969.03,1,12,10,129,59,17
942,357.88,2,12,10,77,58,17
943,325.96,0,12,10,77,95,32
944,278.82,2,12,10,109,32,17
945,258.66,0,12,10,140,58,32
946,143.93,0,12,10,6,58,28
947,118.17,0,12,10,77,60,17
948,107.7,0,12,10,159,58,17
949,44.0,0,12,10,77,95,32
950,1969.03,1,12,10,129,59,17
951,349.59,0,13,10,168,59,31
952,209.8,0,13,10,184,59,17
953,157.0,0,13,10,191,59,17
954,133.0,0,13,10,82,65,13
955,118.17,0,13,10,77,60,17
956,118.17,0,13,10,77,60,17
957,94.48,0,13,10,82,58,32
958,28.9,0,13,10,110,65,18
959,203.8,0,14,10,187,58,17
960,136.7,0,14,10,33,59,17
961,73.32,0,14,10,109,89,28
962,54.94,0,14,10,1,58,28
963,51.0,0,14,10,82,2,13
964,51.0,0,14,10,82,2,13
965,47.0,0,14,10,3,42,13
966,47.0,0,14,10,3,42,13
967,138.0,2,15,10,66,58,17
968,125.9,0,15,10,121,58,17
969,93.91,0,15,10,18,58,32
970,60.0,2,15,10,66,58,17
971,46.0,0,15,10,93,42,13
972,46.0,0,15,10,93,42,13
973,228.33,0,16,10,26,47,32
974,179.0,0,16,10,89,1,27
975,76.6,0,16,10,109,47,17
976,1947.23,2,17,10,132,59,40
977,1743.83,0,17,10,132,59,39
978,1947.23,2,17,10,132,59,40
979,1743.83,0,17,10,132,59,39
980,1969.63,1,18,10,129,59,17
981,557.05,0,18,10,191,59,17
982,380.5,0,18,10,191,59,17
983,372.28,2,18,10,77,59,17
984,226.39,0,18,10,49,58,28
985,95.9,0,18,10,77,58,17
986,25.0,0,18,10,49,58,28
987,1969.63,1,18,10,129,59,17
988,2695.51,2,19,10,182,60,41
989,1475.23,0,19,10,129,59,17
990,558.5,0,19,10,34,59,17
991,558.5,0,19,10,34,59,17
992,470.1,0,19,10,159,59,17
993,225.22,0,19,10,66,59,17
994,202.3,0,19,10,184,59,17
995,187.24,0,19,10,184,58,28
996,163.24,0,19,10,184,58,28
997,125.3,0,19,10,184,59,17
998,121.25,0,19,10,184,58,28
999,88.93,0,19,10,77,58,28
1000,73.65,0,19,10,57,87,54
1001,73.65,0,19,10,57,87,54
1002,68.98,0,19,10,109,39,17
1003,63.94,0,19,10,77,58,28
1004,63.65,0,19,10,169,87,54
1005,60.0,0,19,10,84,59,17
1006,53.94,0,19,10,169,39,28
1007,53.88,0,19,10,66,96,28
1008,53.88,0,19,10,66,96,28
1009,1475.23,0,19,10,129,59,17
1010,2695.51,2,19,10,182,60,41
1011,310.82,2,20,10,66,58,17
1012,145.83,0,20,10,140,58,32
1013,117.93,0,20,10,74,58,28
1014,114.83,0,20,10,140,58,32
1015,110.93,0,20,10,66,96,28
1016,91.99,0,20,10,194,61,66
1017,91.99,0,20,10,194,61,66
1018,91.99,0,20,10,194,61,66
1019,91.99,0,20,10,194,61,66
1020,91.99,0,20,10,194,61,66
1021,466.5,0,21,10,84,59,17
1022,375.28,0,21,10,77,59,17
1023,118.98,0,21,10,60,58,1
1024,118.98,0,21,10,60,58,1
1025,118.98,0,21,10,60,58,1
1026,104.6,0,21,10,93,58,17
1027,75.94,0,21,10,84,58,28
1028,71.0,0,21,10,93,58,17
1029,59.04,0,21,10,82,47,13
1030,59.04,0,21,10,82,47,13
1031,59.0,0,21,10,93,58,17
1032,1646.43,1,22,10,148,59,5
1033,455.19,0,22,10,84,59,18
1034,172.98,2,22,10,110,39,17
1035,148.6,0,22,10,110,43,44
1036,130.93,0,22,10,66,96,28
1037,119.54,0,22,10,109,29,54
1038,119.54,0,22,10,109,29,54
1039,119.54,0,22,10,109,29,54
1040,103.0,0,22,10,109,42,13
1041,103.0,0,22,10,109,42,13
1042,95.23,0,22,10,109,105,28
1043,95.23,0,22,10,109,105,28
1044,1646.43,1,22,10,148,59,5
1045,2166.93,2,23,10,165,59,6
1046,2166.93,2,23,10,165,59,6
1047,1132.73,0,23,10,195,59,17
1048,2166.93,2,23,10,165,59,6
1049,2166.93,2,23,10,165,59,6
1050,1132.73,0,23,10,195,59,17
1051,1219.3,2,24,10,47,103,6
1052,900.73,0,24,10,195,59,65
1053,619.8,0,24,10,195,59,17
1054,564.53,0,24,10,16,59,2
1055,365.69,0,24,10,191,59,18
1056,1219.3,2,24,10,47,103,6
1057,335.75,0,25,10,66,80,32
1058,372.22,2,26,10,66,59,17
1059,287.2,0,26,10,74,59,17
1060,267.92,2,26,10,109,32,17
1061,267.92,2,26,10,110,32,17
1062,267.92,2,26,10,109,32,17
1063,261.82,2,26,10,66,58,17
1064,240.85,0,26,10,98,58,28
1065,240.3,0,26,10,121,59,17
1066,167.43,0,26,10,77,16,26
1067,146.84,0,26,10,77,95,32
1068,100.83,0,26,10,26,32,32
1069,63.94,0,26,10,49,58,28
1070,2153.33,1,27,10,195,59,17
1071,310.88,2,27,10,77,58,17
1072,291.23,0,27,10,77,60,17
1073,267.98,2,27,10,111,39,17
1074,167.06,0,27,10,167,65,32
1075,95.9,0,27,10,66,58,17
1076,51.49,0,27,10,93,27,32
1077,51.49,0,27,10,93,27,32
1078,51.49,0,27,10,93,27,32
1079,2153.33,1,27,10,195,59,17
1080,730.0,2,28,10,59,23,6
1081,730.0,2,28,10,59,23,6
1082,152.17,0,28,10,66,60,17
1083,138.8,0,28,10,110,24,44
1084,1667.8,2,29,10,110,28,29
1085,413.17,0,29,10,66,60,17
1086,403.04,2,29,10,1,59,17
1087,137.88,0,29,10,77,58,17
1088,114.83,0,29,10,140,58,32
1089,1667.8,2,29,10,110,28,29
1090,74.98,0,30,10,109,39,17
1091,4521.73,2,31,10,166,59,17
1092,2158.63,0,31,10,129,59,17
1093,2158.63,0,31,10,129,59,17
1094,2158.63,0,31,10,129,59,17
1095,2158.63,0,31,10,129,59,17
1096,4521.73,2,31,10,166,59,17
1097,2449.73,2,1,11,178,59,17
1098,2449.73,2,1,11,178,59,17
1099,97.98,0,1,11,111,39,17
1100,2449.73,2,1,11,178,59,17
1101,2449.73,2,1,11,178,59,17
1102,1968.63,1,2,11,129,59,17
1103,1667.8,2,2,11,110,28,29
1104,307.28,2,2,11,77,59,17
1105,243.59,0,2,11,77,95,32
1106,222.12,0,2,11,20,39,32
1107,222.12,0,2,11,20,39,32
1108,194.97,0,2,11,18,58,32
1109,167.7,0,2,11,33,65,57
1110,133.93,0,2,11,6,58,28
1111,58.9,0,2,11,110,65,18
1112,58.44,0,2,11,77,61,28
1113,1667.8,2,2,11,110,28,29
1114,1968.63,1,2,11,129,59,17
1115,482.5,0,3,11,70,31,18
1116,482.5,0,3,11,70,31,18
1117,482.5,0,3,11,70,31,18
1118,482.5,0,3,11,70,31,18
1119,439.0,0,3,11,1,13,32
1120,249.58,0,3,11,121,95,32
1121,249.58,0,3,11,121,95,32
1122,186.87,0,3,11,77,58,17
1123,144.97,0,3,11,18,58,32
1124,124.03,0,3,11,78,39,32
1125,124.03,0,3,11,78,39,32
1126,123.93,0,3,11,6,96,28
1127,121.88,0,3,11,77,58,17
1128,109.96,0,3,11,18,58,32
1129,359.28,2,4,11,77,59,17
1130,344.71,0,4,11,96,65,32
1131,289.75,0,4,11,70,60,17
1132,192.82,0,4,11,66,58,17
1133,191.22,0,4,11,66,59,17
1134,186.88,0,4,11,77,58,17
1135,123.3,0,4,11,121,59,17
1136,92.9,0,4,11,121,58,17
1137,259.17,0,5,11,121,95,32
1138,155.9,0,5,11,121,58,17
1139,122.43,0,5,11,66,96,28
1140,111.83,0,5,11,121,45,32
1141,102.49,0,5,11,181,39,32
1142,102.49,0,5,11,181,39,32
1143,60.0,2,5,11,77,58,17
1144,22.0,0,5,11,109,39,17
1145,179.0,0,6,11,89,1,27
1146,139.9,0,6,11,121,58,17
1147,61.94,0,6,11,169,39,28
1148,155.29,0,8,11,84,59,44
1149,253.68,0,9,11,141,58,32
1150,211.3,0,9,11,110,43,44
1151,127.2,0,9,11,74,59,17
1152,121.82,0,9,11,66,58,17
1153,96.92,0,9,11,109,32,17
1154,92.93,0,9,11,19,96,28
1155,62.9,0,9,11,66,58,17
1156,131.89,0,10,11,111,30,8
1157,126.97,0,10,11,18,58,32
1158,179.5,0,11,11,107,59,61
1159,130.3,0,11,11,194,59,17
1160,127.5,0,11,11,18,59,18
1161,107.7,0,11,11,159,58,17
1162,93.91,3,11,11,18,58,32
1163,72.83,0,11,11,60,59,1
1164,72.83,0,11,11,60,59,1
1165,69.98,0,11,11,18,96,15
1166,231.2,0,12,11,110,111,43
1167,110.5,0,12,11,111,29,8
1168,88.74,0,12,11,109,89,28
1169,59.38,0,12,11,109,29,1
1170,1145.7,0,13,11,42,59,35
1171,130.93,0,13,11,66,58,28
1172,1145.7,0,13,11,42,59,35
1173,108.0,0,15,11,66,13,32
1174,170.31,0,16,11,140,58,32
1175,158.04,0,16,11,1,59,17
1176,2153.13,1,18,11,195,59,17
1177,1911.83,0,18,11,195,59,17
1178,1330.53,1,18,11,195,59,65
1179,74.25,0,18,11,77,60,17
1180,2153.13,1,18,11,195,59,17
1181,1911.83,0,18,11,195,59,17
1182,1330.53,1,18,11,195,59,65
1183,62.99,0,19,11,60,59,1
1184,2429.23,0,20,11,125,59,17
1185,256.2,0,20,11,80,68,3
1186,222.9,0,20,11,148,112,64
1187,99.1,0,20,11,138,113,25
1188,89.6,0,20,11,110,29,18
1189,2429.23,0,20,11,125,59,17
1190,1010.63,2,21,11,178,59,17
1191,1010.63,2,21,11,178,59,17
1192,1595.63,2,22,11,178,59,17
1193,1265.3,2,22,11,131,104,62
1194,331.9,2,22,11,183,76,5
1195,1265.3,2,22,11,131,104,62
1196,1595.63,2,22,11,178,59,17
1197,113.5,0,23,11,183,82,5
1198,877.6,0,25,11,110,71,17
1199,159.22,0,25,11,66,59,17
1200,3063.43,2,28,11,63,59,58
1201,3063.43,2,28,11,63,59,58
1202,346.1,0,29,11,194,59,43
1203,111.2,0,29,11,74,59,17
1204,140.8,0,30,11,33,59,17
1205,95.3,0,1,12,121,59,17
1206,101.3,0,3,12,121,59,17
1207,101.3,0,3,12,121,59,17
1208,2864.0,1,6,12,22,58,17
1209,2864.0,1,6,12,22,58,17
1210,2864.0,1,6,12,22,58,17
1211,95.3,0,6,12,121,59,17
1212,2864.0,1,6,12,22,58,17
1213,2864.0,1,6,12,22,58,17
1214,2864.0,1,6,12,22,58,17
1215,125.3,0,14,12,121,59,17
1216,125.3,0,14,12,121,59,17
1217,125.3,0,14,12,121,59,17
1218,113.3,0,14,12,121,59,17
1219,113.3,0,14,12,121,59,17
1220,484.71,0,15,12,133,65,44
1221,484.71,0,15,12,133,65,44
1222,484.71,0,15,12,133,65,44
1223,484.71,0,15,12,133,65,44
1224,231.9,0,15,12,110,65,18
1225,231.9,0,15,12,110,65,18
1226,231.9,0,15,12,110,65,18
1227,231.9,0,15,12,110,65,18
1228,343.98,0,11,2,167,39,32
1229,25.98,0,2,3,106,95,32
1230,12.99,0,9,3,98,95,32
1231,32.97,0,10,3,109,45,32
1232,61.48,0,19,3,26,45,32
1233,159.82,0,27,3,18,95,32
1234,38.97,0,29,3,106,95,32
1235,158.96,0,3,4,140,95,32
1236,60.0,0,3,4,109,39,17
1237,151.29,0,8,4,14,39,32
1238,61.98,0,8,4,6,95,32
1239,305.72,0,9,4,109,1,32
1240,249.7,0,10,4,154,59,17
1241,75.5,0,11,4,77,55,32
1242,1331.5,2,12,4,118,59,35
1243,1331.5,2,12,4,118,59,35
1244,765.7,0,13,4,142,59,17
1245,756.7,2,13,4,142,59,17
1246,346.11,0,13,4,172,39,32
1247,330.22,0,13,4,6,54,41
1248,295.4,0,13,4,123,77,41
1249,287.18,0,13,4,66,95,32
1250,287.18,0,13,4,66,95,32
1251,196.96,0,13,4,167,77,32
1252,151.76,0,13,4,167,39,32
1253,25.98,0,13,4,18,57,32
1254,410.05,0,14,4,96,32,32
1255,325.11,0,14,4,1,9,32
1256,306.17,2,14,4,111,32,17
1257,238.15,0,14,4,150,58,28
1258,213.8,0,14,4,1,95,27
1259,46.12,0,14,4,150,58,28
1260,10.73,0,15,4,109,39,17
1261,508.3,0,16,4,167,1,27
1262,374.89,0,16,4,167,9,32
1263,299.15,0,16,4,18,39,32
1264,232.76,0,16,4,167,39,32
1265,172.87,0,16,4,6,95,32
1266,154.68,0,16,4,6,95,32
1267,32.5,0,16,4,167,39,32
1268,125.48,0,17,4,60,95,32
1269,543.33,0,19,4,167,97,32
1270,261.0,0,19,4,167,1,27
1271,220.26,0,19,4,167,39,32
1272,1183.5,2,20,4,92,99,41
1273,676.1,0,20,4,142,77,8
1274,504.05,0,20,4,6,80,41
1275,291.58,0,20,4,6,33,32
1276,261.0,0,20,4,167,1,27
1277,252.5,0,20,4,150,58,26
1278,246.61,0,20,4,20,39,32
1279,246.61,0,20,4,20,39,32
1280,235.69,0,20,4,1,54,32
1281,228.76,0,20,4,77,95,32
1282,228.76,0,20,4,77,95,32
1283,228.76,0,20,4,77,95,32
1284,228.76,0,20,4,77,95,32
1285,185.92,0,20,4,167,32,32
1286,181.43,0,20,4,69,57,28
1287,172.12,0,20,4,90,97,32
1288,172.12,0,20,4,90,97,32
1289,131.0,0,20,4,20,39,32
1290,131.0,0,20,4,20,39,32
1291,115.0,0,20,4,77,86,11
1292,60.0,0,20,4,111,39,17
1293,1183.5,2,20,4,92,99,41
1294,532.7,2,21,4,180,100,35
1295,532.7,2,21,4,180,100,35
1296,262.3,2,21,4,66,59,17
1297,358.83,0,22,4,172,39,32
1298,191.3,0,22,4,1,95,27
1299,191.3,0,22,4,1,95,27
1300,73.8,0,23,4,108,34,54
1301,2199.1,2,25,4,16,99,41
1302,133.88,0,25,4,109,39,17
1303,2199.1,2,25,4,16,99,41
1304,204.0,3,26,4,135,7,6
1305,102.76,0,26,4,167,39,32
1306,34.0,0,26,4,167,39,32
1307,1427.5,2,28,4,159,77,41
1308,586.41,0,28,4,188,65,44
1309,447.64,0,28,4,154,58,17
1310,173.65,0,28,4,33,95,32
1311,173.65,0,28,4,33,95,32
1312,163.8,0,28,4,99,59,35
1313,163.7,0,28,4,99,59,35
1314,103.49,0,28,4,1,58,32
1315,83.5,0,28,4,109,77,32
1316,12.99,0,28,4,109,77,32
1317,1427.5,2,28,4,159,77,41
1318,562.3,2,29,4,154,59,17
1319,337.76,0,29,4,167,39,32
1320,303.3,0,29,4,167,1,27
1321,228.74,0,29,4,167,39,32
1322,752.0,0,30,4,13,5,41
1323,407.1,2,30,4,164,73,20
1324,289.22,2,30,4,110,32,17
1325,346.11,0,1,5,172,39,32
1326,80.0,2,3,5,154,58,17
1327,30.28,0,3,5,111,39,17
1328,3256.53,2,4,5,83,59,5
1329,3256.53,2,4,5,83,59,5
1330,760.7,2,5,5,142,59,17
1331,602.3,2,5,5,154,59,17
1332,551.8,2,5,5,154,58,17
1333,408.3,0,5,5,167,1,27
1334,401.26,0,5,5,106,97,32
1335,388.57,0,5,5,106,45,32
1336,383.3,0,5,5,1,95,27
1337,327.3,0,5,5,142,77,41
1338,293.71,0,5,5,167,9,32
1339,285.2,0,5,5,1,58,32
1340,243.87,0,5,5,167,9,32
1341,219.98,0,5,5,167,39,32
1342,204.2,0,5,5,167,32,32
1343,189.6,0,5,5,107,59,17
1344,172.0,0,5,5,107,58,61
1345,148.2,0,5,5,1,58,32
1346,143.93,0,5,5,150,77,28
1347,77.99,0,5,5,106,45,32
1348,22.24,2,5,5,106,59,17
1349,322.23,0,6,5,106,1,32
1350,307.61,0,6,5,106,39,32
1351,307.61,0,6,5,106,39,32
1352,249.15,0,6,5,18,39,32
1353,215.01,0,6,5,78,39,32
1354,155.0,0,6,5,1,95,27
1355,111.09,0,6,5,75,96,54
1356,68.4,0,6,5,106,39,32
1357,40.0,2,6,5,110,85,17
1358,95.22,0,7,5,140,83,28
1359,77.07,0,7,5,109,79,28
1360,2917.73,2,8,5,43,59,17
1361,266.02,0,8,5,26,97,32
1362,68.4,0,8,5,1,55,32
1363,2917.73,2,8,5,43,59,17
1364,220.24,0,9,5,77,95,32
1365,60.0,0,9,5,109,39,17
1366,17.28,0,9,5,109,39,17
1367,2372.23,2,10,5,164,59,41
1368,1046.7,2,10,5,159,77,41
1369,313.3,0,10,5,167,1,27
1370,247.87,0,10,5,167,9,32
1371,195.96,0,10,5,1,58,32
1372,179.24,0,10,5,167,39,32
1373,132.43,0,10,5,29,95,32
1374,57.49,0,10,5,167,9,32
1375,10.99,0,10,5,167,9,32
1376,1046.7,2,10,5,159,77,41
1377,2372.23,2,10,5,164,59,41
1378,3621.33,2,11,5,166,59,8
1379,1897.4,2,11,5,158,92,42
1380,625.5,2,11,5,6,44,41
1381,498.41,0,11,5,6,16,41
1382,440.2,0,11,5,153,95,8
1383,408.3,0,11,5,167,1,27
1384,408.3,0,11,5,1,95,27
1385,388.61,0,11,5,167,97,32
1386,321.26,0,11,5,167,39,32
1387,313.41,0,11,5,72,65,0
1388,313.3,0,11,5,1,95,27
1389,313.3,0,11,5,1,95,27
1390,307.24,0,11,5,167,39,32
1391,197.98,0,11,5,167,77,32
1392,181.96,0,11,5,93,95,32
1393,161.95,0,11,5,167,54,32
1394,121.48,0,11,5,77,95,32
1395,111.7,0,11,5,68,32,32
1396,91.22,0,11,5,167,39,32
1397,21.98,0,11,5,167,97,32
1398,1897.4,2,11,5,158,92,42
1399,3621.33,2,11,5,166,59,8
1400,562.5,2,12,5,154,59,17
1401,515.41,0,12,5,6,16,41
1402,423.56,0,12,5,96,32,32
1403,333.8,0,12,5,142,59,17
1404,321.83,0,12,5,53,65,1
1405,313.3,0,12,5,167,1,27
1406,308.3,0,12,5,172,95,27
1407,192.7,0,12,5,108,95,27
1408,192.7,0,12,5,108,95,27
1409,177.98,0,12,5,167,39,32
1410,177.26,0,12,5,77,95,32
1411,145.48,0,12,5,66,95,32
1412,138.0,0,12,5,77,95,32
1413,102.98,0,12,5,93,95,32
1414,95.94,0,12,5,142,77,28
1415,79.72,0,12,5,77,95,32
1416,79.72,0,12,5,77,95,32
1417,79.72,0,12,5,77,95,32
1418,65.0,0,12,5,77,95,32
1419,65.0,0,12,5,77,95,32
1420,65.0,0,12,5,77,95,32
1421,65.0,0,12,5,77,95,32
1422,17.0,0,12,5,31,4,41
1423,1927.4,2,13,5,16,77,41
1424,687.99,0,13,5,170,59,18
1425,624.8,0,13,5,171,77,41
1426,583.2,0,13,5,142,99,41
1427,408.3,0,13,5,167,1,27
1428,364.26,0,13,5,167,39,32
1429,346.62,0,13,5,20,39,32
1430,303.3,0,13,5,167,1,27
1431,288.97,0,13,5,18,1,32
1432,283.3,2,13,5,167,1,27
1433,176.95,0,13,5,105,95,32
1434,172.2,0,13,5,167,32,32
1435,151.96,0,13,5,93,95,32
1436,69.72,0,13,5,167,32,32
1437,34.0,0,13,5,93,95,32
1438,1927.4,2,13,5,16,77,41
1439,346.62,0,14,5,172,39,32
1440,310.6,3,14,5,135,7,20
1441,228.64,0,14,5,167,97,32
1442,192.0,0,14,5,172,95,32
1443,144.98,0,14,5,93,95,32
1444,116.29,0,14,5,41,39,32
1445,30.0,0,14,5,167,97,32
1446,1763.5,2,15,5,164,94,56
1447,95.94,0,15,5,66,58,28
1448,1763.5,2,15,5,164,94,56
1449,155.0,3,16,5,47,73,20
1450,120.0,2,16,5,47,23,41
1451,83.0,0,16,5,105,79,38
1452,555.3,0,17,5,198,44,41
1453,454.8,0,17,5,142,59,17
1454,269.24,0,17,5,167,39,32
1455,267.87,0,17,5,167,9,32
1456,257.28,0,17,5,167,45,32
1457,194.18,0,17,5,167,32,32
1458,157.96,0,17,5,167,77,32
1459,54.0,0,17,5,167,39,32
1460,539.88,0,18,5,172,95,32
1461,539.88,0,18,5,172,95,32
1462,412.7,0,18,5,108,95,27
1463,411.2,2,18,5,75,58,17
1464,408.3,0,18,5,167,1,27
1465,343.4,0,18,5,108,1,27
1466,301.26,0,18,5,167,39,32
1467,228.7,0,18,5,108,95,27
1468,211.87,0,18,5,6,33,32
1469,208.59,0,18,5,60,14,1
1470,190.34,0,18,5,6,32,41
1471,156.18,0,18,5,167,32,32
1472,97.86,0,18,5,108,9,32
1473,91.22,0,18,5,172,95,32
1474,74.4,0,18,5,108,9,32
1475,68.82,0,18,5,18,95,32
1476,734.2,0,19,5,154,77,41
1477,521.3,0,19,5,1,95,27
1478,515.8,0,19,5,106,95,32
1479,463.1,0,19,5,79,77,41
1480,408.3,0,19,5,1,95,27
1481,403.3,0,19,5,1,95,27
1482,299.94,0,19,5,106,58,32
1483,260.12,0,19,5,172,39,32
1484,260.12,0,19,5,172,39,32
1485,213.8,0,19,5,1,95,27
1486,204.5,0,19,5,1,97,27
1487,200.3,0,19,5,1,59,17
1488,166.2,0,19,5,1,58,32
1489,148.2,0,19,5,1,58,32
1490,137.98,0,19,5,154,54,54
1491,78.98,0,19,5,77,95,32
1492,78.98,0,19,5,77,95,32
1493,12.99,0,19,5,106,58,32
1494,711.0,2,20,5,61,58,17
1495,597.94,2,20,5,77,59,17
1496,283.4,0,20,5,108,1,27
1497,240.1,0,20,5,24,59,35
1498,198.26,0,20,5,77,95,32
1499,198.26,0,20,5,77,95,32
1500,157.98,0,20,5,167,77,32
1501,125.0,0,20,5,77,78,11
1502,113.0,0,20,5,77,95,32
1503,59.0,0,20,5,140,77,32
1504,41.98,0,20,5,18,39,32
1505,41.98,0,20,5,18,39,32
1506,35.98,0,20,5,105,9,32
1507,35.98,0,20,5,105,9,32
1508,400.5,0,21,5,167,97,27
1509,295.4,0,21,5,84,65,44
1510,241.61,0,21,5,172,45,32
1511,217.0,0,21,5,167,1,27
1512,182.48,0,21,5,172,39,32
1513,159.48,0,21,5,172,39,32
1514,115.0,0,21,5,1,57,27
1515,107.48,0,21,5,172,39,32
1516,107.14,0,21,5,1,55,32
1517,73.96,0,21,5,167,54,32
1518,73.96,0,21,5,167,54,32
1519,217.0,0,22,5,167,1,27
1520,198.48,0,22,5,172,95,32
1521,191.3,0,22,5,1,95,27
1522,177.14,0,22,5,77,97,32
1523,95.98,0,22,5,110,39,17
1524,89.48,0,22,5,105,95,32
1525,64.05,0,22,5,199,58,28
1526,14.5,0,22,5,66,32,17
1527,32.5,0,23,5,167,45,32
1528,274.5,0,24,5,79,59,17
1529,210.48,0,24,5,106,39,32
1530,1046.4,2,25,5,159,77,41
1531,1002.0,2,25,5,11,59,17
1532,370.24,0,25,5,167,39,32
1533,344.5,0,25,5,52,59,17
1534,344.5,0,25,5,52,59,17
1535,325.34,0,25,5,6,32,41
1536,323.1,0,25,5,84,59,17
1537,321.62,0,25,5,172,39,32
1538,287.87,0,25,5,167,9,32
1539,287.24,0,25,5,77,95,32
1540,282.24,0,25,5,167,39,32
1541,272.5,0,25,5,147,58,51
1542,263.87,0,25,5,167,9,32
1543,243.3,2,25,5,167,1,27
1544,191.3,0,25,5,1,95,27
1545,191.3,0,25,5,1,95,27
1546,179.24,0,25,5,167,39,32
1547,172.8,0,25,5,107,59,17
1548,169.15,0,25,5,77,9,32
1549,164.04,0,25,5,110,1,17
1550,161.95,0,25,5,167,54,32
1551,112.52,0,25,5,167,65,32
1552,71.92,0,25,5,167,32,32
1553,10.99,0,25,5,167,32,32
1554,1002.0,2,25,5,11,59,17
1555,1046.4,2,25,5,159,77,41
1556,1183.4,2,26,5,92,99,41
1557,413.23,0,26,5,106,1,32
1558,413.23,0,26,5,106,1,32
1559,365.92,0,26,5,167,32,32
1560,267.87,0,26,5,167,9,32
1561,213.15,0,26,5,18,39,32
1562,209.98,0,26,5,1,58,32
1563,180.96,0,26,5,1,58,32
1564,1183.4,2,26,5,92,99,41
1565,321.26,0,27,5,167,39,32
1566,310.87,0,27,5,167,9,32
1567,305.0,0,27,5,52,0,55
1568,216.3,0,27,5,1,95,27
1569,216.3,0,27,5,1,95,27
1570,205.14,0,27,5,66,55,32
1571,177.0,0,28,5,77,95,32
1572,157.98,0,28,5,167,77,32
1573,208.5,0,29,5,52,0,55
1574,208.5,0,29,5,52,0,55
1575,99.2,0,29,5,167,32,32
1576,99.2,0,29,5,167,32,32
1577,95.49,0,29,5,167,77,32
1578,585.24,0,1,6,6,32,41
1579,410.56,0,1,6,96,32,32
1580,123.93,0,1,6,6,58,28
1581,47.15,0,1,6,6,58,28
1582,40.0,2,1,6,154,59,17
1583,18.0,0,1,6,6,58,28
1584,562.2,2,2,6,154,59,17
1585,557.64,0,2,6,167,97,32
1586,479.9,0,2,6,142,77,8
1587,383.3,0,2,6,167,1,27
1588,353.87,0,2,6,167,9,32
1589,334.26,0,2,6,167,39,32
1590,319.92,0,2,6,167,32,32
1591,303.92,0,2,6,167,32,32
1592,273.3,0,2,6,167,1,27
1593,266.69,0,2,6,150,77,38
1594,232.5,0,2,6,153,95,32
1595,203.07,0,2,6,167,32,32
1596,141.06,0,2,6,105,95,32
1597,132.0,1,2,6,52,17,57
1598,98.48,0,2,6,33,95,32
1599,65.0,0,2,6,167,54,32
1600,65.0,0,2,6,167,54,32
1601,25.98,0,2,6,105,95,32
1602,21.98,0,2,6,167,97,32
1603,10.99,0,2,6,167,32,32
1604,757.9,2,3,6,13,59,17
1605,300.24,0,3,6,167,39,32
1606,154.97,0,3,6,90,97,32
1607,40.0,2,3,6,110,85,17
1608,441.75,0,4,6,6,80,41
1609,120.2,0,4,6,6,26,21
1610,89.77,0,4,6,167,4,32
1611,4002.43,2,5,6,124,59,52
1612,103.72,0,5,6,77,95,32
1613,75.83,0,5,6,66,95,32
1614,69.0,0,5,6,1,95,27
1615,50.0,0,5,6,1,95,27
1616,27.5,0,5,6,18,95,32
1617,4002.43,2,5,6,124,59,52
1618,1153.18,2,7,6,159,77,41
1619,551.6,2,7,6,154,58,17
1620,289.22,2,7,6,110,32,17
1621,270.24,0,7,6,167,39,32
1622,259.6,0,7,6,167,97,32
1623,236.81,0,7,6,90,58,32
1624,230.87,0,7,6,167,9,32
1625,217.0,0,7,6,167,1,27
1626,210.48,0,7,6,106,39,32
1627,172.87,0,7,6,167,9,32
1628,154.3,0,7,6,121,45,32
1629,42.53,0,7,6,150,15,16
1630,4.0,0,7,6,121,45,32
1631,1153.18,2,7,6,159,77,41
1632,3736.23,2,8,6,112,59,17
1633,3735.93,2,8,6,112,59,17
1634,579.52,0,8,6,106,95,32
1635,579.52,0,8,6,106,95,32
1636,313.3,0,8,6,1,95,27
1637,292.5,0,8,6,1,97,27
1638,288.97,0,8,6,1,9,32
1639,206.87,0,8,6,18,95,32
1640,206.87,0,8,6,18,95,32
1641,188.14,0,8,6,1,55,32
1642,176.96,0,8,6,1,58,32
1643,98.99,0,8,6,167,54,32
1644,50.0,0,8,6,6,32,41
1645,3736.23,2,8,6,112,59,17
1646,3735.93,2,8,6,112,59,17
1647,675.79,0,9,6,142,77,8
1648,656.7,2,9,6,123,58,17
1649,362.62,0,9,6,106,39,32
1650,195.0,0,9,6,167,1,27
1651,183.5,0,9,6,154,58,17
1652,134.87,0,9,6,167,9,32
1653,523.6,2,10,6,79,59,17
1654,323.3,0,10,6,1,95,27
1655,313.24,0,10,6,167,39,32
1656,304.16,0,10,6,60,95,32
1657,264.58,0,10,6,84,59,44
1658,192.0,0,10,6,167,1,27
1659,180.89,0,10,6,18,95,32
1660,164.47,0,10,6,60,21,1
1661,156.2,0,10,6,14,39,32
1662,147.96,0,10,6,140,95,32
1663,82.98,0,10,6,60,57,54
1664,68.9,0,10,6,4,83,4
1665,55.0,0,10,6,105,95,32
1666,234.33,0,11,6,60,95,32
1667,217.98,0,11,6,140,95,32
1668,197.98,0,11,6,140,95,32
1669,140.8,2,11,6,110,51,35
1670,105.88,0,11,6,111,39,17
1671,103.48,0,11,6,77,95,32
1672,74.48,0,11,6,105,95,32
1673,327.24,0,12,6,77,95,32
1674,303.3,0,12,6,167,1,27
1675,152.48,0,12,6,77,95,32
1676,94.48,0,12,6,172,39,32
1677,3775.0,2,13,6,87,99,41
1678,341.6,0,13,6,167,97,32
1679,174.21,0,13,6,9,60,8
1680,68.97,0,13,6,27,3,54
1681,25.98,0,13,6,167,97,32
1682,3775.0,2,13,6,87,99,41
1683,6415.33,2,14,6,30,59,56
1684,6415.33,2,14,6,30,59,56
1685,232.9,0,14,6,31,1,27
1686,180.87,0,14,6,167,9,32
1687,6415.33,2,14,6,30,59,56
1688,6415.33,2,14,6,30,59,56
1689,579.59,0,15,6,154,77,8
1690,360.0,0,15,6,142,59,17
1691,251.17,0,15,6,18,39,32
1692,246.9,0,15,6,84,59,17
1693,183.46,0,15,6,60,65,54
1694,183.07,0,15,6,84,61,28
1695,82.48,0,15,6,1,58,32
1696,450.8,0,16,6,117,59,35
1697,349.8,2,16,6,1,95,27
1698,349.8,2,16,6,1,95,27
1699,322.97,0,16,6,1,9,32
1700,260.17,2,16,6,111,32,17
1701,248.62,0,16,6,172,39,32
1702,298.3,0,17,6,1,95,27
1703,246.87,0,17,6,167,9,32
1704,228.1,0,17,6,123,58,17
1705,218.26,0,17,6,77,95,32
1706,203.4,0,17,6,107,59,61
1707,78.94,0,17,6,109,38,28
1708,60.0,2,17,6,111,32,17
1709,54.48,0,17,6,140,95,32
1710,35.88,0,17,6,109,38,28
1711,29.0,0,17,6,66,59,17
1712,2.0,0,17,6,140,95,32
1713,622.3,0,18,6,117,59,35
1714,504.35,0,18,6,6,80,41
1715,324.26,0,18,6,167,39,32
1716,212.24,0,18,6,167,39,32
1717,201.96,0,18,6,167,32,32
1718,201.96,0,18,6,167,32,32
1719,180.87,0,18,6,18,95,32
1720,86.0,0,18,6,167,9,32
1721,247.14,0,19,6,172,55,32
1722,231.96,0,19,6,109,1,32
1723,156.5,0,19,6,172,95,32
1724,60.0,0,19,6,109,39,17
1725,124.0,2,20,6,117,109,35
1726,34.0,0,20,6,18,1,32
1727,520.64,0,21,6,167,97,32
1728,266.84,0,21,6,167,55,32
1729,200.24,0,21,6,167,39,32
1730,200.24,0,21,6,167,39,32
1731,182.23,0,21,6,109,39,17
1732,142.93,0,21,6,74,58,28
1733,77.0,0,21,6,109,39,17
1734,43.96,0,21,6,167,97,32
1735,543.9,0,22,6,6,99,41
1736,346.7,0,22,6,1,57,27
1737,323.5,0,22,6,152,59,17
1738,313.3,0,22,6,167,1,27
1739,303.3,0,22,6,167,1,27
1740,303.3,0,22,6,167,1,27
1741,260.26,0,22,6,167,39,32
1742,259.52,0,22,6,53,13,1
1743,250.71,0,22,6,167,9,32
1744,241.9,2,22,6,99,59,34
1745,235.34,0,22,6,140,95,32
1746,230.54,0,22,6,6,32,41
1747,226.96,0,22,6,167,32,32
1748,189.52,0,22,6,136,58,32
1749,185.63,0,22,6,6,95,32
1750,185.63,0,22,6,6,95,32
1751,121.42,0,22,6,18,95,32
1752,117.79,0,22,6,60,57,54
1753,50.44,0,22,6,109,45,28
1754,9.0,0,22,6,109,45,28
1755,906.88,2,23,6,11,77,41
1756,709.9,2,23,6,150,59,35
1757,667.3,2,23,6,92,59,63
1758,321.12,0,23,6,20,39,32
1759,321.12,0,23,6,20,39,32
1760,260.0,0,23,6,92,59,63
1761,227.77,0,23,6,108,29,54
1762,44.0,2,23,6,86,59,31
1763,3613.33,2,24,6,88,59,22
1764,346.24,0,24,6,167,39,32
1765,303.3,0,24,6,1,95,27
1766,303.3,0,24,6,1,95,27
1767,241.61,0,24,6,90,97,32
1768,191.3,0,24,6,1,95,27
1769,178.0,0,24,6,6,32,41
1770,104.98,0,24,6,167,77,32
1771,81.99,0,24,6,90,95,32
1772,36.49,0,24,6,90,58,32
1773,21.98,0,24,6,90,95,32
1774,3613.33,2,24,6,88,59,22
1775,411.2,2,25,6,75,58,17
1776,334.26,0,25,6,77,95,32
1777,237.97,0,25,6,1,9,32
1778,191.3,0,25,6,1,95,27
1779,50.0,0,25,6,92,46,41
1780,44.0,0,25,6,86,106,31
1781,35.0,0,25,6,110,51,34
1782,193.13,0,26,6,60,39,1
1783,131.72,0,26,6,121,1,32
1784,120.51,0,26,6,77,97,32
1785,117.48,0,26,6,109,1,32
1786,60.0,0,27,6,111,39,17
1787,1047.88,2,28,6,159,77,41
1788,787.59,2,28,6,86,59,31
1789,361.69,0,28,6,172,9,32
1790,361.69,0,28,6,172,9,32
1791,273.3,0,28,6,167,1,27
1792,233.24,0,28,6,167,39,32
1793,202.96,0,28,6,167,77,32
1794,159.87,0,28,6,167,9,32
1795,153.3,0,28,6,1,59,17
1796,146.23,0,28,6,111,39,17
1797,1047.88,2,28,6,159,77,41
1798,480.12,0,29,6,167,97,32
1799,441.4,0,29,6,173,95,8
1800,432.12,0,29,6,167,97,32
1801,323.3,0,29,6,167,1,27
1802,273.3,2,29,6,167,1,27
1803,273.3,2,29,6,167,1,27
1804,215.62,0,29,6,6,33,32
1805,45.0,2,29,6,86,59,31
1806,711.0,2,30,6,61,58,17
1807,515.9,0,30,6,6,16,41
1808,500.34,0,30,6,6,32,41
1809,486.9,0,30,6,120,58,9
1810,411.1,2,30,6,75,58,17
1811,302.98,0,30,6,84,59,44
1812,253.24,0,30,6,167,39,32
1813,193.96,0,30,6,140,58,32
1814,186.76,0,30,6,167,39,32
1815,555.9,2,1,7,136,4,8
1816,295.61,0,1,7,106,97,32
1817,191.3,0,1,7,1,95,27
1818,181.34,0,1,7,140,95,32
1819,142.96,0,1,7,140,95,32
1820,142.96,0,1,7,140,95,32
1821,92.22,0,1,7,77,95,32
1822,92.22,0,1,7,77,95,32
1823,7287.33,2,2,7,175,59,65
1824,7287.33,2,2,7,175,59,65
1825,323.3,0,2,7,1,95,27
1826,116.48,0,2,7,167,77,32
1827,7287.33,2,2,7,175,59,65
1828,7287.33,2,2,7,175,59,65
1829,508.2,0,3,7,136,74,8
1830,88.36,0,3,7,140,95,32
1831,2158.43,2,5,7,59,59,65
1832,264.29,0,5,7,49,59,18
1833,249.24,0,5,7,167,39,32
1834,218.71,0,5,7,18,95,32
1835,155.15,0,5,7,18,39,32
1836,14.0,0,5,7,106,39,32
1837,2158.43,2,5,7,59,59,65
1838,2736.23,2,6,7,59,59,17
1839,1027.69,2,6,7,11,77,8
1840,410.62,0,6,7,106,39,32
1841,392.7,1,6,7,25,58,21
1842,322.74,0,6,7,1,55,32
1843,322.74,0,6,7,1,55,32
1844,313.5,0,6,7,172,1,27
1845,272.71,0,6,7,18,95,32
1846,272.71,0,6,7,18,95,32
1847,272.71,0,6,7,18,95,32
1848,272.71,0,6,7,18,95,32
1849,241.5,0,6,7,172,1,27
1850,241.5,0,6,7,172,1,27
1851,233.24,0,6,7,167,39,32
1852,225.9,0,6,7,99,59,35
1853,225.9,0,6,7,99,59,35
1854,210.53,0,6,7,52,58,28
1855,203.95,0,6,7,167,54,32
1856,175.96,0,6,7,167,32,32
1857,1027.69,2,6,7,11,77,8
1858,2736.23,2,6,7,59,59,17
1859,1050.88,2,7,7,159,77,41
1860,199.15,0,7,7,18,39,32
1861,181.75,0,7,7,167,45,32
1862,165.98,0,7,7,167,39,32
1863,100.94,0,7,7,150,58,28
1864,1050.88,2,7,7,159,77,41
1865,2149.78,2,8,7,16,77,41
1866,210.89,0,8,7,167,9,32
1867,206.99,0,8,7,105,95,32
1868,135.59,0,8,7,167,83,32
1869,2149.78,2,8,7,16,77,41
1870,2736.23,2,9,7,59,59,17
1871,717.34,0,9,7,154,77,17
1872,280.24,0,9,7,167,39,32
1873,2736.23,2,9,7,59,59,17
1874,691.4,2,10,7,6,44,41
1875,625.0,2,10,7,16,77,41
1876,273.3,0,12,7,167,1,27
1877,269.24,0,12,7,167,39,32
1878,256.9,0,12,7,167,97,32
1879,115.74,0,12,7,110,1,17
1880,782.03,2,13,7,92,59,17
1881,552.2,2,13,7,154,58,17
1882,205.5,0,13,7,33,59,17
1883,493.12,0,14,7,172,95,32
1884,330.2,0,14,7,26,32,32
1885,213.3,3,14,7,16,73,20
1886,186.96,0,14,7,167,32,32
1887,162.72,0,14,7,106,58,32
1888,157.98,0,14,7,167,77,32
1889,151.1,0,14,7,77,95,32
1890,144.0,0,14,7,109,1,32
1891,139.98,0,14,7,109,1,32
1892,134.48,0,14,7,77,95,32
1893,132.3,0,14,7,76,59,17
1894,95.49,0,14,7,167,77,32
1895,80.0,2,14,7,110,85,17
1896,8.7,2,14,7,16,7,41
1897,433.3,0,15,7,1,95,27
1898,424.26,0,15,7,77,95,32
1899,403.42,0,15,7,107,59,41
1900,388.89,0,15,7,18,95,32
1901,365.0,0,15,7,84,59,17
1902,365.0,0,15,7,84,59,17
1903,364.26,0,15,7,167,39,32
1904,342.76,0,15,7,118,58,1
1905,334.0,0,15,7,172,95,32
1906,313.5,0,15,7,1,97,27
1907,237.98,0,15,7,109,78,32
1908,191.3,0,15,7,1,95,27
1909,191.3,0,15,7,1,95,27
1910,81.48,0,15,7,66,95,32
1911,47.15,0,15,7,109,38,28
1912,39.0,0,15,7,111,39,17
1913,14.0,0,15,7,109,38,28
1914,7288.83,2,16,7,175,59,65
1915,616.24,0,16,7,167,1,32
1916,323.3,0,16,7,167,1,27
1917,150.76,0,16,7,167,39,32
1918,141.98,0,16,7,167,77,32
1919,132.5,0,16,7,50,25,49
1920,119.48,0,16,7,109,1,32
1921,7288.83,2,16,7,175,59,65
1922,3127.93,2,17,7,158,59,42
1923,219.15,0,17,7,18,39,32
1924,3127.93,2,17,7,158,59,42
1925,1450.0,2,18,7,174,98,10
1926,365.06,0,18,7,18,55,32
1927,221.12,0,18,7,167,97,32
1928,221.12,0,18,7,167,97,32
1929,1450.0,2,18,7,174,98,10
1930,426.12,0,20,7,167,97,32
1931,366.92,0,20,7,167,32,32
1932,354.98,0,20,7,167,39,32
1933,326.7,0,20,7,40,95,8
1934,323.3,0,20,7,167,1,27
1935,308.39,0,20,7,154,77,17
1936,265.97,0,20,7,90,95,32
1937,206.96,0,20,7,167,32,32
1938,202.87,0,20,7,167,9,32
1939,75.0,0,20,7,167,9,32
1940,25.98,0,20,7,167,97,32
1941,761.09,0,21,7,154,77,8
1942,642.5,2,21,7,154,59,17
1943,628.0,0,21,7,84,16,41
1944,206.76,0,21,7,167,39,32
1945,163.11,0,21,7,90,97,32
1946,163.11,0,21,7,90,97,32
1947,323.3,0,22,7,1,95,27
1948,286.62,0,22,7,172,39,32
1949,283.24,0,22,7,167,39,32
1950,178.94,0,22,7,109,1,32
1951,153.3,0,22,7,1,59,17
1952,153.3,0,22,7,1,59,17
1953,119.0,0,22,7,40,19,8
1954,134.34,0,23,7,167,77,32
1955,103.48,0,24,7,77,95,32
1956,1639.1,2,25,7,11,59,17
1957,114.55,0,25,7,18,39,32
1958,81.48,0,25,7,172,39,32
1959,1639.1,2,25,7,11,59,17
1960,562.5,2,27,7,154,59,17
1961,346.62,0,27,7,172,39,32
1962,301.26,0,27,7,167,39,32
1963,264.83,0,27,7,90,58,32
1964,223.8,0,27,7,60,57,54
1965,162.98,0,27,7,93,95,32
1966,132.5,0,27,7,48,25,49
1967,123.76,0,27,7,167,39,32
1968,117.3,0,27,7,105,95,27
1969,99.93,0,27,7,31,32,28
1970,690.2,2,28,7,137,58,17
1971,417.0,0,28,7,6,59,17
1972,238.97,0,28,7,1,9,32
1973,222.98,0,28,7,167,77,32
1974,179.24,0,28,7,167,39,32
1975,157.98,0,28,7,140,95,32
1976,141.98,0,28,7,140,95,32
1977,105.68,0,28,7,77,97,32
1978,104.98,0,28,7,167,77,32
1979,81.99,0,28,7,167,54,32
1980,76.2,0,28,7,181,39,32
1981,73.36,0,28,7,140,95,32
1982,65.0,0,28,7,90,9,32
1983,60.0,2,28,7,154,59,17
1984,40.0,2,28,7,110,85,17
1985,284.98,0,29,7,109,1,32
1986,86.94,0,29,7,136,58,28
1987,40.0,0,29,7,51,102,49
1988,681.7,0,30,7,84,44,41
1989,538.1,0,30,7,6,44,41
1990,346.62,0,30,7,20,39,32
1991,111.84,0,30,7,109,74,32
1992,76.0,0,30,7,172,39,32
1993,99.98,0,31,7,77,95,32
1994,99.98,0,31,7,77,95,32
1995,775.5,2,1,8,86,59,17
1996,497.75,0,1,8,36,96,28
1997,93.98,0,1,8,172,39,32
1998,93.98,0,1,8,172,39,32
1999,60.0,0,1,8,167,97,32
2000,60.0,0,1,8,167,97,32
2001,593.6,0,2,8,154,58,17
2002,410.62,0,2,8,106,39,32
2003,410.62,0,2,8,77,55,32
2004,193.87,0,2,8,167,9,32
2005,193.87,0,2,8,167,9,32
2006,887.0,2,3,8,117,99,41
2007,414.0,0,3,8,192,63,35
2008,300.7,0,3,8,99,59,35
2009,217.97,0,3,8,1,9,32
2010,157.46,0,3,8,1,9,32
2011,695.99,0,4,8,75,77,8
2012,323.3,0,4,8,167,1,27
2013,178.95,0,4,8,167,54,32
2014,73.14,0,4,8,77,102,32
2015,608.0,2,5,8,145,58,61
2016,551.6,2,5,8,154,58,17
2017,404.46,0,5,8,76,61,50
2018,334.62,0,5,8,77,97,32
2019,300.24,0,5,8,167,39,32
2020,220.0,0,5,8,167,1,27
2021,191.3,0,5,8,1,95,27
2022,175.49,0,5,8,167,9,32
2023,154.89,0,5,8,18,95,32
2024,116.55,0,5,8,77,9,32
2025,116.55,0,5,8,77,9,32
2026,76.49,0,5,8,167,32,32
2027,40.0,2,5,8,154,58,17
2028,1206.48,2,6,8,159,77,41
2029,1206.48,2,6,8,159,77,41
2030,3322.03,2,7,8,139,59,22
2031,241.89,0,7,8,18,95,32
2032,235.98,0,7,8,109,1,32
2033,230.3,2,7,8,1,59,17
2034,224.73,0,7,8,172,60,17
2035,208.9,0,7,8,167,97,32
2036,101.39,0,7,8,18,58,32
2037,80.0,2,7,8,110,85,17
2038,47.5,0,7,8,113,38,50
2039,3322.03,2,7,8,139,59,22
2040,31.0,0,8,8,117,109,35
2041,276.6,0,9,8,143,1,27
2042,125.41,0,9,8,140,95,32
2043,102.94,0,9,8,1,58,28
2044,551.7,2,10,8,154,58,17
2045,449.98,0,10,8,167,32,32
2046,204.96,0,10,8,66,95,32
2047,142.48,0,10,8,1,54,32
2048,140.41,0,10,8,169,39,28
2049,140.41,0,10,8,169,39,28
2050,194.74,0,11,8,106,1,32
2051,194.74,0,11,8,106,1,32
2052,140.97,0,11,8,167,54,32
2053,269.55,0,12,8,150,58,28
2054,155.48,0,12,8,18,1,32
2055,148.93,0,12,8,90,16,28
2056,323.3,0,13,8,167,1,27
2057,265.98,0,13,8,66,95,32
2058,204.64,0,13,8,66,55,32
2059,204.64,0,13,8,66,55,32
2060,130.98,0,13,8,111,39,17
2061,179.0,0,14,8,89,1,27
2062,128.01,0,14,8,77,95,32
2063,128.01,0,14,8,77,95,32
2064,119.48,0,14,8,109,1,32
2065,68.48,0,14,8,140,9,32
2066,38.0,0,14,8,77,95,32
2067,38.0,0,14,8,77,95,32
2068,68.48,0,15,8,109,1,32
2069,38.0,0,15,8,172,39,32
2070,38.0,0,15,8,172,39,32
2071,296.6,0,16,8,99,59,34
2072,410.12,0,17,8,167,97,32
2073,378.38,0,17,8,1,55,32
2074,239.97,0,17,8,1,9,32
2075,89.93,0,17,8,19,39,28
2076,61.0,0,17,8,99,59,34
2077,401.9,0,18,8,13,59,17
2078,221.89,0,18,8,167,9,32
2079,158.24,0,18,8,167,39,32
2080,2001.73,2,19,8,165,59,41
2081,868.33,2,19,8,92,59,63
2082,518.1,0,19,8,117,59,35
2083,341.12,0,19,8,167,97,32
2084,323.3,0,19,8,1,95,27
2085,323.3,0,19,8,1,95,27
2086,306.24,0,19,8,167,39,32
2087,60.0,0,19,8,13,59,17
2088,25.98,0,19,8,167,97,32
2089,2001.73,2,19,8,165,59,41
2090,521.3,0,20,8,1,95,27
2091,226.96,0,20,8,167,32,32
2092,197.3,0,20,8,1,95,27
2093,3147.23,2,23,8,158,59,42
2094,520.0,0,23,8,117,77,35
2095,394.69,0,23,8,167,55,32
2096,283.7,0,23,8,99,59,34
2097,3147.23,2,23,8,158,59,42
2098,877.83,2,24,8,92,59,17
2099,521.3,0,24,8,1,95,27
2100,454.6,0,24,8,99,59,35
2101,433.3,0,24,8,1,95,27
2102,306.3,0,24,8,167,1,27
2103,228.09,0,24,8,66,9,32
2104,198.0,0,24,8,167,1,27
2105,192.0,0,24,8,167,1,27
2106,178.43,0,24,8,73,32,54
2107,155.97,0,24,8,167,54,32
2108,1950.13,1,25,8,165,59,65
2109,773.11,0,25,8,106,95,32
2110,506.94,0,25,8,6,32,41
2111,410.56,0,25,8,106,32,32
2112,390.74,0,25,8,1,55,32
2113,321.12,0,25,8,172,39,32
2114,321.12,0,25,8,172,39,32
2115,285.24,0,25,8,167,39,32
2116,223.24,0,25,8,167,39,32
2117,222.61,0,25,8,90,97,32
2118,214.96,0,25,8,1,58,32
2119,203.24,0,25,8,167,39,32
2120,197.87,0,25,8,90,58,17
2121,197.87,0,25,8,90,58,17
2122,197.87,0,25,8,90,58,17
2123,191.26,0,25,8,167,39,32
2124,119.8,0,25,8,79,59,17
2125,119.8,0,25,8,79,59,17
2126,77.45,0,25,8,90,16,28
2127,77.45,0,25,8,90,16,28
2128,1950.13,1,25,8,165,59,65
2129,409.23,2,26,8,111,39,17
2130,332.0,0,27,8,123,65,8
2131,120.93,0,27,8,77,10,28
2132,284.0,0,28,8,117,109,35
2133,261.83,0,28,8,6,95,32
2134,208.17,0,28,8,18,39,32
2135,197.3,0,28,8,1,95,27
2136,50.0,0,29,8,123,67,8
2137,351.5,0,30,8,123,65,8
2138,205.33,0,30,8,1,58,32
2139,25.98,0,30,8,1,58,32
2140,2711.53,2,31,8,158,59,42
2141,2711.53,2,31,8,158,59,42
2142,479.28,0,31,8,110,39,17
2143,479.28,0,31,8,110,39,17
2144,180.33,0,31,8,109,1,32
2145,2711.53,2,31,8,158,59,42
2146,2711.53,2,31,8,158,59,42
2147,323.3,0,1,9,1,95,27
2148,303.6,0,1,9,142,59,17
2149,238.5,0,1,9,154,58,17
2150,198.5,0,1,9,52,59,17
2151,198.5,0,1,9,52,59,17
2152,134.96,0,1,9,82,58,32
2153,109.0,0,1,9,111,90,8
2154,87.0,0,1,9,111,90,8
2155,64.0,0,1,9,109,1,32
2156,321.62,0,2,9,172,39,32
2157,264.69,0,2,9,18,39,32
2158,230.22,0,2,9,18,95,32
2159,169.32,0,2,9,140,9,32
2160,135.48,0,2,9,77,95,32
2161,108.48,0,2,9,140,95,32
2162,348.99,0,3,9,188,58,26
2163,294.59,0,3,9,18,95,32
2164,260.87,0,3,9,18,39,32
2165,260.87,0,3,9,18,39,32
2166,230.55,0,3,9,6,95,32
2167,230.55,0,3,9,6,95,32
2168,221.57,0,3,9,18,95,32
2169,170.8,0,3,9,167,9,32
2170,158.93,0,3,9,6,65,28
2171,134.01,0,3,9,18,39,32
2172,51.25,0,3,9,188,58,26
2173,2374.6,2,4,9,135,99,41
2174,2374.6,2,4,9,135,99,41
2175,568.39,0,6,9,167,55,32
2176,433.3,0,6,9,167,1,27
2177,378.39,0,6,9,167,97,32
2178,298.57,0,6,9,167,9,32
2179,283.3,0,6,9,167,1,27
2180,283.3,0,6,9,167,1,27
2181,276.6,0,6,9,143,1,27
2182,275.57,0,6,9,167,9,32
2183,264.94,0,6,9,77,95,32
2184,231.94,0,6,9,167,39,32
2185,196.22,0,6,9,167,9,32
2186,183.66,0,6,9,167,65,32
2187,135.31,0,6,9,143,32,32
2188,81.37,0,6,9,167,97,32
2189,1.0,0,6,9,143,32,32
2190,1050.88,2,7,9,159,77,41
2191,577.07,0,7,9,107,32,61
2192,473.0,0,7,9,107,99,41
2193,410.62,0,7,9,106,39,32
2194,410.56,0,7,9,106,32,32
2195,408.21,0,7,9,167,97,32
2196,257.57,0,7,9,167,9,32
2197,251.98,0,7,9,73,32,54
2198,194.73,0,7,9,169,39,28
2199,194.73,0,7,9,169,39,28
2200,164.67,0,7,9,167,54,32
2201,128.11,0,7,9,167,39,32
2202,109.83,0,7,9,66,9,32
2203,91.2,0,7,9,52,58,51
2204,12.0,0,7,9,52,58,51
2205,1050.88,2,7,9,159,77,41
2206,329.68,0,8,9,109,1,32
2207,323.3,0,8,9,167,1,27
2208,321.62,0,8,9,172,39,32
2209,313.66,0,8,9,109,77,32
2210,302.8,0,8,9,84,59,17
2211,302.8,0,8,9,84,59,17
2212,249.31,0,8,9,154,58,28
2213,248.92,2,8,9,111,32,17
2214,173.14,0,8,9,77,97,32
2215,159.44,0,8,9,106,1,32
2216,155.48,0,8,9,172,39,32
2217,182.68,0,9,9,167,77,32
2218,39.0,0,9,9,167,39,32
2219,39.0,0,9,9,105,95,32
2220,181.46,0,10,9,6,95,32
2221,160.24,0,10,9,167,39,32
2222,142.66,0,10,9,66,95,32
2223,125.98,0,10,9,167,77,32
2224,122.83,0,10,9,66,95,32
2225,72.94,0,10,9,19,32,28
2226,2391.6,2,11,9,43,20,17
2227,2391.6,2,11,9,43,20,17
2228,615.39,0,13,9,154,77,8
2229,290.7,0,13,9,84,59,17
2230,192.0,0,13,9,167,1,27
2231,158.2,0,13,9,1,99,27
2232,126.83,0,13,9,167,9,32
2233,594.67,0,14,9,28,32,41
2234,283.3,0,14,9,1,95,27
2235,283.3,0,14,9,1,95,27
2236,279.72,0,14,9,167,97,32
2237,216.83,0,14,9,6,95,32
2238,211.94,0,14,9,167,39,32
2239,206.78,0,14,9,153,95,32
2240,206.53,0,14,9,78,39,32
2241,190.51,0,14,9,162,60,8
2242,162.24,0,14,9,167,39,32
2243,150.73,0,14,9,18,95,32
2244,146.2,0,14,9,75,58,17
2245,140.2,0,14,9,75,58,17
2246,101.94,0,14,9,90,58,28
2247,91.06,0,14,9,1,65,32
2248,11.99,0,14,9,1,65,32
2249,561.2,2,15,9,123,58,17
2250,424.5,0,15,9,120,59,9
2251,370.68,0,15,9,66,95,32
2252,323.3,0,15,9,1,95,27
2253,284.85,0,15,9,18,39,32
2254,275.96,0,15,9,77,95,32
2255,252.49,0,15,9,84,59,18
2256,246.0,2,15,9,120,59,9
2257,231.94,0,15,9,109,1,32
2258,231.47,0,15,9,66,95,32
2259,227.96,0,15,9,77,95,32
2260,188.65,0,15,9,167,54,32
2261,150.0,0,15,9,77,95,32
2262,129.5,0,15,9,121,1,18
2263,128.92,0,15,9,66,95,32
2264,85.95,0,15,9,66,9,32
2265,50.48,0,15,9,66,21,32
2266,38.97,0,15,9,172,95,32
2267,545.58,0,16,9,172,95,32
2268,465.68,0,16,9,167,32,32
2269,346.12,0,16,9,172,39,32
2270,346.12,0,16,9,172,39,32
2271,251.59,0,16,9,18,95,32
2272,228.32,0,16,9,172,9,32
2273,199.04,0,16,9,110,1,17
2274,475.87,0,17,9,167,50,32
2275,333.3,0,17,9,167,1,27
2276,309.94,0,17,9,167,39,32
2277,305.96,0,17,9,167,39,32
2278,285.94,0,17,9,167,39,32
2279,254.16,0,17,9,167,97,32
2280,249.51,0,17,9,109,45,32
2281,213.68,0,17,9,167,77,32
2282,188.68,0,17,9,167,77,32
2283,172.5,0,17,9,167,32,32
2284,151.83,0,17,9,167,32,32
2285,101.92,0,17,9,167,32,32
2286,79.93,0,17,9,31,45,28
2287,79.42,0,17,9,167,97,32
2288,49.94,0,17,9,31,32,28
2289,274.26,0,18,9,167,97,32
2290,139.69,0,18,9,1,59,18
2291,433.3,0,20,9,167,1,27
2292,375.65,0,20,9,187,21,41
2293,275.96,0,20,9,167,39,32
2294,250.51,0,20,9,109,45,32
2295,248.5,0,20,9,142,95,8
2296,217.0,0,20,9,167,1,27
2297,112.83,0,20,9,105,95,32
2298,97.84,0,20,9,167,32,32
2299,97.84,0,20,9,167,32,32
2300,1286.3,2,21,9,150,59,17
2301,500.06,0,21,9,167,55,32
2302,491.9,0,21,9,1,16,27
2303,475.9,0,21,9,1,21,27
2304,433.3,0,21,9,1,95,27
2305,399.9,0,21,9,1,16,27
2306,293.3,0,21,9,1,95,27
2307,257.4,0,21,9,1,54,27
2308,252.16,0,21,9,73,29,54
2309,223.13,0,21,9,153,95,32
2310,223.13,0,21,9,153,95,32
2311,216.3,0,21,9,1,95,27
2312,202.89,0,21,9,68,32,32
2313,200.9,0,21,9,1,16,27
2314,191.3,0,21,9,1,95,27
2315,177.0,0,21,9,176,58,30
2316,156.4,0,21,9,1,54,27
2317,154.11,0,21,9,6,95,32
2318,151.5,0,21,9,1,97,27
2319,25.98,0,21,9,167,55,32
2320,9.29,0,21,9,73,29,54
2321,1286.3,2,21,9,150,59,17
2322,459.0,0,22,9,96,9,32
2323,413.04,0,22,9,109,55,32
2324,345.59,0,22,9,142,77,17
2325,288.3,0,22,9,1,95,27
2326,284.69,0,22,9,1,59,18
2327,243.3,2,22,9,1,59,17
2328,228.8,0,22,9,142,59,17
2329,223.68,0,22,9,140,95,32
2330,219.66,0,22,9,167,32,32
2331,204.62,0,22,9,172,39,32
2332,204.62,0,22,9,172,39,32
2333,191.3,0,22,9,1,95,27
2334,175.66,0,22,9,1,58,32
2335,163.0,0,22,9,28,32,41
2336,93.93,0,22,9,31,45,28
2337,33.46,0,22,9,77,16,28
2338,33.46,0,22,9,77,16,28
2339,741.3,2,23,9,117,59,35
2340,580.2,2,23,9,11,59,17
2341,355.2,0,23,9,89,1,27
2342,354.28,0,23,9,106,97,32
2343,349.96,0,23,9,167,39,32
2344,333.3,0,23,9,1,95,27
2345,316.67,0,23,9,1,9,32
2346,197.3,0,23,9,1,95,27
2347,192.0,0,23,9,167,1,27
2348,139.07,0,23,9,167,1,32
2349,129.04,0,23,9,1,59,17
2350,363.94,0,24,9,167,39,32
2351,273.0,0,24,9,110,1,18
2352,247.4,0,24,9,167,1,32
2353,226.5,0,24,9,142,95,8
2354,205.66,0,24,9,109,1,32
2355,199.0,0,24,9,44,1,27
2356,135.81,0,24,9,167,54,32
2357,110.47,0,24,9,172,45,32
2358,88.83,0,24,9,109,1,32
2359,44.46,0,24,9,31,45,28
2360,44.46,0,24,9,31,45,28
2361,334.28,0,25,9,106,97,32
2362,282.31,0,25,9,172,95,32
2363,195.83,0,25,9,167,32,32
2364,184.9,0,25,9,110,79,17
2365,157.9,0,25,9,110,79,17
2366,99.0,0,25,9,1,59,18
2367,96.83,0,25,9,121,95,32
2368,674.5,0,27,9,46,99,41
2369,406.12,0,27,9,167,97,32
2370,283.3,0,27,9,167,1,27
2371,228.26,0,27,9,167,97,32
2372,223.57,0,27,9,167,9,32
2373,223.57,0,27,9,167,9,32
2374,192.0,0,27,9,167,1,27
2375,178.22,0,27,9,167,9,32
2376,128.93,0,27,9,74,58,28
2377,127.83,0,27,9,167,9,32
2378,103.62,0,27,9,29,95,32
2379,487.53,0,28,9,29,59,8
2380,349.96,0,28,9,167,39,32
2381,316.3,0,28,9,167,1,27
2382,307.53,0,28,9,29,59,8
2383,298.67,0,28,9,1,9,32
2384,293.3,0,28,9,167,1,27
2385,255.57,0,28,9,167,9,32
2386,255.57,0,28,9,167,9,32
2387,254.13,0,28,9,153,95,32
2388,250.94,0,28,9,77,95,32
2389,219.66,0,28,9,167,32,32
2390,214.04,0,28,9,6,33,32
2391,214.04,0,28,9,6,33,32
2392,206.66,0,28,9,167,77,32
2393,206.66,0,28,9,167,77,32
2394,206.59,0,28,9,167,39,32
2395,188.59,0,28,9,77,95,32
2396,167.5,0,28,9,196,1,27
2397,162.61,0,28,9,167,39,32
2398,162.61,0,28,9,167,39,32
2399,136.0,0,28,9,153,95,8
2400,129.83,0,28,9,77,95,32
2401,129.06,0,28,9,167,65,32
2402,83.61,0,28,9,6,33,32
2403,50.0,0,28,9,46,99,41
2404,3148.03,2,29,9,158,59,42
2405,925.5,0,29,9,11,65,57
2406,374.48,0,29,9,84,77,41
2407,323.3,0,29,9,1,95,27
2408,141.98,0,29,9,77,95,32
2409,141.98,0,29,9,77,95,32
2410,141.98,0,29,9,77,95,32
2411,32.5,0,29,9,90,97,32
2412,3148.03,2,29,9,158,59,42
2413,637.2,2,30,9,154,59,17
2414,178.48,0,30,9,172,39,32
2415,80.48,0,30,9,33,95,32
2416,700.6,0,1,10,149,65,55
2417,700.6,0,1,10,149,65,55
2418,507.07,0,1,10,6,32,41
2419,433.3,0,1,10,1,95,27
2420,254.26,0,1,10,167,97,32
2421,227.97,0,1,10,109,55,32
2422,110.83,0,1,10,90,58,32
2423,110.83,0,1,10,66,95,32
2424,222.96,0,2,10,172,33,32
2425,99.4,0,2,10,111,90,8
2426,77.4,0,2,10,111,90,8
2427,60.0,0,2,10,77,59,17
2428,87.83,0,3,10,109,1,32
2429,638.69,0,4,10,154,77,8
2430,304.94,0,4,10,167,39,32
2431,304.94,0,4,10,167,39,32
2432,262.59,0,4,10,170,59,18
2433,242.96,0,4,10,167,39,32
2434,3086.38,2,5,10,183,77,41
2435,871.45,0,5,10,0,80,41
2436,743.7,0,5,10,154,99,41
2437,410.56,0,5,10,106,32,32
2438,370.68,0,5,10,167,32,32
2439,246.0,0,5,10,117,59,35
2440,245.79,0,5,10,1,95,32
2441,177.31,0,5,10,140,95,32
2442,161.24,0,5,10,167,39,32
2443,155.33,0,5,10,140,95,32
2444,153.83,0,5,10,66,9,32
2445,92.87,0,5,10,73,32,54
2446,3086.38,2,5,10,183,77,41
2447,1146.83,2,6,10,103,44,41
2448,586.51,0,6,10,162,60,8
2449,433.3,0,6,10,167,1,27
2450,353.9,0,6,10,44,32,32
2451,352.5,0,6,10,193,110,55
2452,346.62,0,6,10,172,39,32
2453,294.77,0,6,10,172,9,32
2454,229.6,0,6,10,159,58,17
2455,204.85,0,6,10,77,9,32
2456,204.85,0,6,10,77,9,32
2457,182.48,0,6,10,20,39,32
2458,169.3,0,6,10,167,54,32
2459,138.0,0,6,10,167,1,27
2460,32.5,0,6,10,77,97,32
2461,12.99,0,6,10,172,9,32
2462,1146.83,2,6,10,103,44,41
2463,438.6,0,7,10,1,80,27
2464,433.3,0,7,10,167,1,27
2465,402.6,0,7,10,142,59,17
2466,386.98,0,7,10,167,39,32
2467,164.59,0,7,10,167,9,32
2468,139.25,0,7,10,77,60,17
2469,112.82,0,7,10,109,32,17
2470,76.0,0,7,10,172,11,32
2471,67.49,0,7,10,113,36,66
2472,225.87,0,8,10,18,39,32
2473,173.14,0,8,10,77,97,32
2474,132.93,0,8,10,109,45,28
2475,81.01,0,8,10,18,39,32
2476,76.44,0,8,10,77,61,28
2477,12.99,0,9,10,18,32,32
2478,326.56,0,10,10,1,55,32
2479,163.74,0,10,10,110,1,17
2480,435.64,0,11,10,167,97,32
2481,433.3,0,11,10,167,1,27
2482,392.56,0,11,10,167,97,32
2483,300.94,0,11,10,167,39,32
2484,284.53,0,11,10,109,45,32
2485,283.3,0,11,10,167,1,27
2486,216.57,0,11,10,167,9,32
2487,176.22,0,11,10,167,9,32
2488,166.31,0,11,10,167,32,32
2489,158.76,0,11,10,167,9,32
2490,157.12,0,11,10,167,9,32
2491,145.76,0,11,10,167,9,32
2492,109.83,0,11,10,77,95,32
2493,109.83,0,11,10,77,95,32
2494,75.0,0,11,10,167,1,27
2495,72.47,0,11,10,167,9,32
2496,25.98,0,11,10,109,45,32
2497,333.3,0,12,10,1,95,27
2498,213.62,0,12,10,77,97,32
2499,182.85,0,12,10,77,9,32
2500,159.8,0,12,10,33,59,17
2501,156.28,0,12,10,77,59,17
2502,151.5,0,12,10,1,97,27
2503,137.87,0,12,10,18,95,32
2504,137.5,0,12,10,1,97,27
2505,137.5,0,12,10,1,97,27
2506,107.48,0,12,10,172,39,32
2507,94.48,0,12,10,172,39,32
2508,73.0,0,12,10,77,97,32
2509,497.0,0,13,10,159,59,17
2510,414.74,0,13,10,6,16,41
2511,410.56,0,13,10,96,32,32
2512,383.17,0,13,10,6,32,41
2513,374.74,0,13,10,106,1,32
2514,323.3,0,13,10,167,1,27
2515,246.39,0,13,10,6,95,32
2516,246.39,0,13,10,6,95,32
2517,192.59,0,13,10,167,39,32
2518,191.3,0,13,10,1,95,27
2519,176.7,0,13,10,132,18,40
2520,103.14,0,13,10,1,55,32
2521,83.98,0,13,10,167,77,32
2522,80.24,0,13,10,106,1,32
2523,62.99,0,13,10,106,1,32
2524,521.3,0,14,10,1,95,27
2525,289.66,0,14,10,140,58,32
2526,219.18,0,14,10,109,45,32
2527,217.6,0,14,10,107,59,61
2528,217.6,0,14,10,107,59,61
2529,202.17,0,14,10,109,45,32
2530,192.0,0,14,10,167,1,27
2531,108.4,0,14,10,66,95,32
2532,99.0,0,14,10,110,1,18
2533,53.02,0,14,10,77,95,32
2534,39.0,0,14,10,90,58,32
2535,471.5,0,15,10,84,59,17
2536,433.3,0,15,10,167,1,27
2537,417.62,0,15,10,20,39,32
2538,337.57,0,15,10,167,9,32
2539,336.98,0,15,10,167,39,32
2540,129.06,0,16,10,121,95,32
2541,105.8,0,16,10,38,72,39
2542,94.83,0,16,10,105,95,32
2543,82.48,0,16,10,77,95,32
2544,18.0,0,16,10,77,95,32
2545,539.49,0,18,10,96,33,32
2546,469.02,0,18,10,96,58,17
2547,437.12,0,18,10,167,97,32
2548,376.3,0,18,10,1,33,32
2549,333.3,0,18,10,167,1,27
2550,327.3,0,18,10,167,1,27
2551,238.8,0,18,10,140,1,27
2552,220.68,0,18,10,167,32,32
2553,220.68,0,18,10,66,95,32
2554,217.94,0,18,10,77,95,32
2555,212.66,0,18,10,140,95,32
2556,212.59,0,18,10,167,39,32
2557,201.57,0,18,10,167,9,32
2558,99.0,0,18,10,110,1,18
2559,25.96,0,18,10,1,33,32
2560,461.23,0,19,10,167,97,32
2561,433.3,0,19,10,167,1,27
2562,410.62,0,19,10,106,39,32
2563,343.3,0,19,10,167,1,27
2564,338.94,0,19,10,167,39,32
2565,296.57,0,19,10,167,9,32
2566,293.7,0,19,10,140,21,27
2567,273.7,0,19,10,140,21,27
2568,255.68,0,19,10,66,95,32
2569,255.68,0,19,10,66,95,32
2570,254.57,0,19,10,167,9,32
2571,254.57,0,19,10,167,9,32
2572,254.26,0,19,10,167,97,32
2573,246.74,0,19,10,1,55,32
2574,221.49,0,19,10,73,32,54
2575,202.31,0,19,10,140,95,32
2576,192.79,0,19,10,66,9,32
2577,186.31,0,19,10,140,58,32
2578,180.0,0,19,10,84,59,17
2579,171.6,0,19,10,116,18,39
2580,161.6,0,19,10,107,59,17
2581,145.31,0,19,10,93,95,32
2582,145.31,0,19,10,93,95,32
2583,123.0,0,19,10,93,95,32
2584,123.0,0,19,10,93,95,32
2585,92.2,0,19,10,117,59,35
2586,25.98,0,19,10,172,95,32
2587,806.0,2,20,10,142,59,17
2588,506.49,0,20,10,154,77,8
2589,346.62,0,20,10,172,39,32
2590,338.3,0,20,10,142,59,17
2591,288.3,0,20,10,167,1,27
2592,275.59,0,20,10,167,39,32
2593,208.92,0,20,10,167,32,32
2594,194.65,0,20,10,167,54,32
2595,161.56,0,20,10,77,97,32
2596,121.93,0,20,10,140,16,28
2597,108.83,0,20,10,167,9,32
2598,455.54,0,21,10,117,16,41
2599,455.54,0,21,10,117,16,41
2600,315.92,0,21,10,167,32,32
2601,239.88,0,21,10,44,32,32
2602,235.61,0,21,10,172,45,32
2603,212.66,0,21,10,140,95,32
2604,210.48,0,21,10,106,39,32
2605,155.1,0,21,10,24,63,35
2606,155.1,0,21,10,24,63,35
2607,75.0,0,21,10,68,50,32
2608,59.54,0,21,10,106,50,32
2609,59.54,0,21,10,106,50,32
2610,30.0,0,21,10,68,50,32
2611,841.7,2,22,10,110,63,35
2612,841.7,2,22,10,110,63,35
2613,267.92,2,22,10,111,32,17
2614,264.59,0,22,10,167,9,32
2615,225.19,0,22,10,137,96,28
2616,212.83,0,22,10,77,95,32
2617,191.3,0,22,10,1,95,27
2618,114.2,0,22,10,1,58,32
2619,98.01,0,22,10,105,95,32
2620,75.48,0,22,10,105,95,32
2621,73.82,0,22,10,137,96,28
2622,270.58,0,23,10,188,58,28
2623,204.66,0,23,10,121,95,32
2624,193.8,0,23,10,33,59,57
2625,193.8,0,23,10,33,59,57
2626,181.02,0,23,10,167,39,32
2627,106.48,0,23,10,18,96,15
2628,60.0,0,23,10,84,59,17
2629,467.63,0,24,10,129,59,17
2630,260.68,0,24,10,66,95,32
2631,260.68,0,24,10,66,95,32
2632,5124.73,2,25,10,94,59,65
2633,279.81,0,25,10,10,96,28
2634,279.8,0,25,10,10,96,28
2635,188.57,0,25,10,167,9,32
2636,103.83,0,25,10,109,1,32
2637,5124.73,2,25,10,94,59,65
2638,463.2,0,26,10,161,48,58
2639,295.61,0,26,10,68,32,32
2640,216.57,0,26,10,167,9,32
2641,200.56,0,26,10,172,32,32
2642,186.54,0,26,10,105,9,32
2643,179.5,0,26,10,107,59,17
2644,179.5,0,26,10,107,59,17
2645,109.94,0,26,10,90,58,28
2646,39.0,0,26,10,105,9,32
2647,983.48,2,27,10,11,77,41
2648,433.8,2,27,10,75,58,17
2649,433.3,0,27,10,1,95,27
2650,330.68,0,27,10,66,95,32
2651,188.68,0,27,10,167,77,32
2652,599.88,0,28,10,77,95,32
2653,522.17,2,28,10,111,32,17
2654,465.8,2,28,10,6,58,17
2655,427.8,0,28,10,73,29,55
2656,427.8,0,28,10,73,29,55
2657,300.87,0,28,10,18,39,32
2658,299.94,0,28,10,77,95,32
2659,299.94,0,28,10,77,95,32
2660,233.68,0,28,10,121,95,32
2661,233.68,0,28,10,121,95,32
2662,149.95,0,28,10,167,54,32
2663,143.0,0,28,10,121,95,32
2664,143.0,0,28,10,121,95,32
2665,23.98,0,28,10,121,95,32
2666,296.96,0,29,10,77,95,32
2667,241.5,0,29,10,159,88,23
2668,177.14,0,29,10,90,55,32
2669,173.68,0,29,10,140,95,32
2670,173.68,0,29,10,140,95,32
2671,64.6,1,29,10,137,89,12
2672,48.14,0,29,10,90,97,32
2673,346.12,0,30,10,172,39,32
2674,346.12,0,30,10,172,39,32
2675,343.3,0,30,10,1,95,27
2676,288.3,0,30,10,1,95,27
2677,248.51,0,30,10,90,58,32
2678,123.14,0,30,10,90,97,32
2679,123.14,0,30,10,90,97,32
2680,114.63,0,30,10,90,6,32
2681,114.63,0,30,10,90,6,32
2682,988.4,0,31,10,109,75,17
2683,507.48,0,31,10,147,77,41
2684,396.6,0,1,11,147,59,17
2685,337.6,0,1,11,147,59,17
2686,254.26,0,1,11,167,97,32
2687,217.0,0,1,11,167,1,27
2688,212.66,0,1,11,105,33,32
2689,168.88,0,1,11,77,58,17
2690,95.22,0,1,11,169,36,54
2691,521.7,0,2,11,159,99,41
2692,490.64,0,2,11,167,97,32
2693,451.71,0,2,11,167,9,32
2694,424.65,0,2,11,6,80,41
2695,300.68,0,2,11,167,32,32
2696,208.68,0,2,11,140,95,32
2697,201.8,2,2,11,140,1,27
2698,192.31,0,2,11,140,95,32
2699,192.31,0,2,11,140,95,32
2700,191.67,0,2,11,68,32,32
2701,180.84,0,2,11,77,95,32
2702,130.48,0,2,11,77,95,32
2703,111.83,0,2,11,77,33,32
2704,76.0,0,2,11,167,54,32
2705,50.0,0,2,11,159,99,41
2706,417.85,0,3,11,6,21,41
2707,302.3,2,3,11,1,59,17
2708,246.05,0,3,11,100,96,54
2709,191.96,0,3,11,172,58,32
2710,188.63,0,3,11,167,39,32
2711,84.93,0,3,11,108,10,28
2712,51.49,0,3,11,167,32,32
2713,39.0,0,3,11,77,95,32
2714,285.94,0,4,11,167,39,32
2715,273.7,0,4,11,140,21,27
2716,197.66,0,4,11,140,95,32
2717,177.31,0,4,11,140,95,32
2718,147.68,0,4,11,82,95,32
2719,134.88,0,4,11,7,21,47
2720,114.93,0,4,11,140,10,28
2721,110.34,0,4,11,167,65,32
2722,73.99,0,4,11,73,57,66
2723,68.44,0,4,11,19,77,28
2724,39.0,0,4,11,167,65,32
2725,191.3,0,5,11,1,95,27
2726,79.98,0,5,11,77,95,32
2727,79.98,0,5,11,77,95,32
2728,79.98,0,5,11,77,95,32
2729,79.98,0,5,11,77,95,32
2730,79.98,0,5,11,77,95,32
2731,153.49,0,6,11,60,95,32
2732,65.94,0,6,11,31,39,28
2733,104.52,0,7,11,66,9,32
2734,616.63,2,8,11,76,59,17
2735,471.94,0,8,11,167,55,32
2736,347.23,0,8,11,167,97,32
2737,197.6,0,8,11,107,59,61
2738,170.62,0,8,11,167,97,32
2739,169.81,0,8,11,90,58,32
2740,125.97,0,8,11,105,95,32
2741,69.93,0,8,11,140,16,28
2742,17.0,0,8,11,77,59,17
2743,219.04,0,9,11,1,59,17
2744,210.59,0,9,11,167,9,32
2745,181.0,0,9,11,74,59,17
2746,110.3,0,9,11,123,58,17
2747,75.98,0,9,11,109,1,32
2748,2527.88,2,10,11,81,44,41
2749,234.57,0,10,11,167,9,32
2750,217.97,0,10,11,167,45,32
2751,174.8,0,10,11,33,59,17
2752,143.11,0,10,11,167,39,32
2753,124.11,0,10,11,167,39,32
2754,124.11,0,10,11,167,39,32
2755,47.96,0,10,11,167,45,32
2756,2527.88,2,10,11,81,44,41
2757,1050.2,2,11,11,128,41,60
2758,316.3,0,11,11,167,1,27
2759,1050.2,2,11,11,128,41,60
2760,181.67,0,12,11,137,96,28
2761,146.39,0,12,11,109,45,32
2762,106.33,0,12,11,167,77,32
2763,106.33,0,12,11,167,77,32
2764,102.33,0,12,11,167,9,32
2765,84.48,0,12,11,77,95,32
2766,83.98,0,12,11,167,32,32
2767,94.48,0,13,11,172,39,32
2768,433.3,0,15,11,167,1,27
2769,283.3,0,15,11,167,1,27
2770,205.3,0,15,11,167,45,32
2771,203.57,0,15,11,167,9,32
2772,203.57,0,15,11,167,9,32
2773,113.68,0,15,11,18,59,18
2774,73.39,0,15,11,140,59,17
2775,73.39,0,15,11,140,59,17
2776,830.13,2,16,11,92,59,17
2777,560.22,0,16,11,106,95,32
2778,560.22,0,16,11,106,95,32
2779,217.94,0,16,11,167,39,32
2780,197.5,0,16,11,107,59,61
2781,197.5,0,16,11,107,59,61
2782,139.24,0,16,11,18,95,32
2783,192.59,0,17,11,77,95,32
2784,190.57,0,18,11,167,9,32
2785,251.63,0,20,11,68,55,32
2786,161.5,0,23,11,107,59,61
2787,68.93,0,23,11,140,16,28
2788,145.96,0,24,11,140,95,32
2789,145.96,0,24,11,140,95,32
2790,145.96,0,24,11,140,95,32
2791,100.57,0,24,11,121,95,32
2792,83.98,0,24,11,167,77,32
2793,62.93,0,25,11,140,16,28
2794,62.93,0,25,11,140,16,28
2795,114.83,0,26,11,167,77,32
2796,1225.23,0,28,11,165,59,17
2797,1225.23,0,28,11,165,59,17
2798,1225.23,0,28,11,165,59,17
2799,1225.23,0,28,11,165,59,17
2800,221.0,0,29,11,52,58,51
2801,182.24,0,29,11,167,39,32
2802,178.22,0,29,11,167,9,32
2803,4012.33,2,1,12,166,59,56
2804,127.97,0,1,12,167,45,32
2805,72.0,0,1,12,167,45,32
2806,4012.33,2,1,12,166,59,56
2807,132.98,0,3,12,167,77,32
2808,174.92,0,5,12,77,97,32
2809,155.0,0,5,12,87,93,20
2810,320.12,0,6,12,167,97,32
2811,178.22,0,6,12,167,9,32
2812,25.98,0,6,12,167,97,32
2813,154.1,1,7,12,120,59,9
2814,154.1,1,7,12,120,59,9
2815,35.88,0,7,12,66,16,28
2816,48.7,0,13,12,74,58,17
2817,48.7,0,13,12,74,58,17
2818,293.55,0,14,12,167,55,32
2819,32.65,0,16,12,109,37,28
2820,32.65,0,16,12,109,37,28
2821,13.7,0,16,12,109,37,28
2822,13.7,0,16,12,109,37,28
2823,383.3,0,11,4,110,24,44
2824,272.3,0,13,4,154,59,17
2825,147.86,0,22,4,185,96,54
2826,85.06,0,22,4,185,96,54
2827,39.25,0,23,4,31,81,54
2828,407.3,0,4,5,117,53,61
2829,117.7,0,5,5,79,59,17
2830,25.99,0,5,5,146,16,54
2831,29.0,0,6,5,13,64,28
2832,92.6,3,7,5,103,56,7
2833,139.93,0,10,5,156,16,28
2834,73.94,0,10,5,156,16,28
2835,139.93,0,11,5,156,16,28
2836,277.8,0,12,5,64,59,17
2837,67.98,0,13,5,18,13,15
2838,58.98,0,13,5,18,13,15
2839,3133.36,0,18,5,58,59,25
2840,3133.36,0,18,5,58,59,25
2841,274.9,0,20,5,110,53,35
2842,115.2,0,22,5,31,12,28
2843,106.94,0,25,5,137,96,28
2844,60.97,0,28,5,31,81,54
2845,106.98,0,1,6,155,96,54
2846,320.99,0,2,6,49,59,18
2847,1521.23,0,8,6,182,59,37
2848,622.8,0,8,6,34,59,17
2849,289.6,0,8,6,127,59,17
2850,252.65,0,8,6,152,1,8
2851,1521.23,0,8,6,182,59,37
2852,224.6,0,9,6,79,59,55
2853,252.65,0,15,6,152,1,8
2854,111.72,0,15,6,119,58,28
2855,111.72,0,15,6,119,58,28
2856,1508.36,0,16,6,58,59,25
2857,1508.36,0,16,6,58,59,25
2858,1508.36,0,16,6,58,59,25
2859,1508.36,0,16,6,58,59,25
2860,58.59,0,18,6,31,81,54
2861,58.59,0,18,6,31,81,54
2862,32.22,0,18,6,65,107,54
2863,32.22,0,18,6,65,107,54
2864,468.6,2,22,6,187,58,17
2865,468.6,2,22,6,187,58,17
2866,410.9,0,29,6,64,59,17
2867,357.45,0,29,6,49,1,41
2868,429.9,2,30,6,64,59,17
2869,110.93,0,30,6,13,16,28
2870,175.2,0,5,7,79,59,17
2871,314.5,0,6,7,86,59,17
2872,41.99,0,9,7,146,16,54
2873,223.8,0,10,7,110,69,12
2874,306.5,0,15,7,159,59,12
2875,843.36,0,18,7,58,59,25
2876,843.36,0,18,7,58,59,25
2877,98.0,0,18,7,58,59,49
2878,98.0,0,18,7,58,59,49
2879,246.3,0,20,7,64,59,17
2880,264.6,0,21,7,127,59,17
2881,264.6,0,21,7,127,59,17
2882,264.6,0,21,7,127,59,17
2883,300.2,0,22,7,190,58,17
2884,296.2,0,22,7,145,58,61
2885,269.2,0,28,7,137,58,17
2886,458.04,0,30,7,152,16,8
2887,1838.23,2,1,8,55,59,65
2888,1838.23,2,1,8,55,59,65
2889,1838.23,2,1,8,55,59,65
2890,1838.23,2,1,8,55,59,65
2891,3110.23,2,15,8,165,59,65
2892,3110.23,2,15,8,165,59,65
2893,223.3,0,20,8,35,59,17
2894,161.93,0,1,9,13,16,28
2895,104.2,0,2,9,79,59,17
2896,104.2,0,2,9,79,59,17
2897,220.1,0,7,9,190,58,17
2898,332.3,0,10,9,191,59,17
2899,206.65,0,11,9,109,108,28
2900,696.0,0,14,9,35,59,17
2901,420.6,0,14,9,64,59,17
2902,60.0,0,14,9,79,59,17
2903,278.4,0,15,9,137,58,17
2904,109.7,0,15,9,137,58,17
2905,404.19,0,16,9,49,59,44
2906,118.0,0,16,9,137,75,28
2907,390.7,0,21,9,189,58,17
2908,294.5,0,21,9,79,59,17
2909,172.5,0,21,9,64,59,17
2910,172.5,0,21,9,64,59,17
2911,430.15,0,27,9,64,1,41
2912,96.39,0,30,9,64,58,28
2913,2442.83,1,1,10,124,59,17
2914,2442.83,1,1,10,124,59,17
2915,2442.83,1,1,10,124,59,17
2916,2442.83,1,1,10,124,59,17
2917,458.83,0,5,10,92,59,17
2918,175.5,0,5,10,15,59,17
2919,146.7,0,5,10,79,59,55
2920,2262.33,2,9,10,55,59,65
2921,2262.33,2,9,10,55,59,65
2922,354.6,0,13,10,64,59,17
2923,2637.8,2,18,10,164,13,29
2924,1699.33,0,18,10,81,59,60
2925,1699.33,0,18,10,81,59,60
2926,2637.8,2,18,10,164,13,29
2927,347.4,0,19,10,79,59,55
2928,159.68,0,20,10,119,58,28
2929,104.2,0,22,10,110,40,17
2930,1667.63,1,23,10,165,59,65
2931,235.73,0,23,10,188,58,28
2932,1667.63,1,23,10,165,59,65
2933,207.03,0,26,10,188,58,28
2934,207.03,0,26,10,188,58,28
2935,207.03,0,26,10,188,58,28
2936,207.03,0,26,10,188,58,28
2937,160.75,0,26,10,188,58,28
2938,136.9,0,26,10,13,59,17
2939,418.1,0,27,10,190,58,17
2940,130.7,0,28,10,164,93,20
2941,2035.2,2,30,10,110,91,42
2942,60.0,0,30,10,168,59,17
2943,60.0,0,30,10,168,59,17
2944,2035.2,2,30,10,110,91,42
2945,389.4,0,9,11,127,59,12
2946,389.4,0,9,11,127,59,12
2947,389.83,0,10,11,168,59,17
2948,389.83,0,10,11,168,59,17
2949,78.93,0,10,11,19,16,28
2950,71.49,0,18,11,31,9,32
2951,31.94,0,18,11,19,16,28
2952,267.4,0,22,11,110,53,35
2953,215.1,0,29,11,117,53,35
2954,103.3,0,30,11,79,59,17
